codon_id	codon	msa	res_n	avg_be	min_be	max_be	diff	site_entropy
1_msa1	1	msa1	4	1.112631668777245	1.112631668777245	1.112631668777245	0	-0
2_msa1	2	msa1	4	1.1365005864470903	1.1365005864470903	1.1365005864470903	0	-0
3_msa1	3	msa1	4	0.15909190312961077	0.15909190312961077	0.15909190312961077	0	-0
4_msa1	4	msa1	4	0.15909190312961077	0.15909190312961077	0.15909190312961077	0	0.13275967883971734
5_msa1	5	msa1	4	0.15909190312961077	0.15909190312961077	0.15909190312961077	0	0.02640328261551006
6_msa1	6	msa1	4	0.15943124738128767	0.15943124738128767	0.15943124738128767	0	-0
8_msa1	8	msa1	4	0.006615758897671325	-0	0.0264630355906853	0.0264630355906853	-0
10_msa1	10	msa1	4	0	-0	-0	0	-0
11_msa1	11	msa1	4	0.636577105791775	0.636577105791775	0.636577105791775	0	-0
12_msa1	12	msa1	4	0	-0	-0	0	-0
13_msa1	13	msa1	4	0	-0	-0	0	-0
14_msa1	14	msa1	4	0.02640328261551006	0.02640328261551006	0.02640328261551006	0	-0
15_msa1	15	msa1	4	0	-0	-0	0	-0
16_msa1	16	msa1	4	0.126907289045832	0.10579129195129457	0.19025528032944436	0.08446398837814979	-0
17_msa1	17	msa1	3	0.15943124738128767	0.15943124738128767	0.15943124738128767	0	-0
18_msa1	18	msa1	4	0.14545257653325397	0.07917961012150951	0.21172554294499843	0.13254593282348892	-0
20_msa1	20	msa1	4	0.013228986855009154	-0	0.052915947420036615	0.052915947420036615	-0
21_msa1	21	msa1	4	1.585464911804305	1.5314343324576434	1.7475566498442896	0.21612231738664622	-0
22_msa1	22	msa1	4	1.2939080511507286	0.5787946246321198	1.5327016237565756	0.9539069991244558	-0
23_msa1	23	msa1	4	1.0487346405613736	0.7736510483021695	1.5327016237565756	0.7590505754544061	-0
24_msa1	24	msa1	4	1.5868751411438367	1.5327016237565756	1.74939569330562	0.21669406954904447	-0
25_msa1	25	msa1	3	0.7736510483021695	0.7736510483021695	0.7736510483021695	0	-0
26_msa1	26	msa1	1	0.7736510483021695	0.7736510483021695	0.7736510483021695	0	-0
27_msa1	27	msa1	4	0.8190011852904988	0.7980130352757211	0.8797369827917001	0.081723947515979	-0
28_msa1	28	msa1	4	0.1374617952999413	0.1374617952999413	0.1374617952999413	0	-0
30_msa1	30	msa1	4	0.15066273842939845	0.1374617952999413	0.1638636815588556	0.02640188625891432	-0
32_msa1	32	msa1	4	0.1210476418905281	0.10128314510403909	0.12763580748602443	0.026352662381985345	-0
34_msa1	34	msa1	4	1.2794823144464451	0.9228130537865032	1.4478702836820052	0.525057229895502	-0
35_msa1	35	msa1	4	1.4536083533635389	1.4478702836820052	1.4593464230450726	0.01147613936306735	-0
37_msa1	37	msa1	4	1.3591840511657958	1.3541993668741377	1.3641687354574539	0.009969368583316207	0.7863339551622779
38_msa1	38	msa1	2	1.3641687354574539	1.3641687354574539	1.3641687354574539	0	-0
39_msa1	39	msa1	4	0.7900526740986764	0.7873911078223806	0.7927142403749721	0.005323132552591425	-0
40_msa1	40	msa1	2	0	-0	-0	0	-0
41_msa1	41	msa1	4	0	-0	-0	0	-0
42_msa1	42	msa1	4	0	-0	-0	0	-0
43_msa1	43	msa1	4	0	-0	-0	0	-0
44_msa1	44	msa1	4	0	-0	-0	0	-0
45_msa1	45	msa1	4	0	-0	-0	0	-0
50_msa1	50	msa1	4	0.05700658280085258	0.026523078704230256	0.0742336363509558	0.04771055764672554	-0
51_msa1	51	msa1	4	0.0462131300676396	0.0264630355906853	0.05279649489329103	0.026333459302605732	-0
52_msa1	52	msa1	4	0.3287029707887134	0.026827723134058217	0.4309495593190573	0.4041218361849991	-0
53_msa1	53	msa1	4	0.4583065636130483	0.4260850413826808	0.4783460004304274	0.052260959047746636	-0
54_msa1	54	msa1	4	0.43554690920437145	0.40998184752781597	0.46148523917715345	0.05150339164933748	-0
55_msa1	55	msa1	4	0.46061484982201556	0.46061484982201556	0.46061484982201556	0	0.4084698107902195
56_msa1	56	msa1	4	0.4353602750562582	0.4353602750562582	0.4353602750562582	0	-0
59_msa1	59	msa1	4	0.9849398956543698	0.9722215076447843	0.9976582836639551	0.025436776019170826	-0
61_msa1	61	msa1	4	0.20405749634157636	0.20405749634157636	0.20405749634157636	0	0.02640328261551006
62_msa1	62	msa1	4	0.1924809953872407	0.15909190312961077	0.20361069280645067	0.04451878967683989	-0
63_msa1	63	msa1	4	0.21018861177396342	0.20361069280645067	0.22992236867650173	0.026311675870051066	-0
64_msa1	64	msa1	4	0.23042843657254308	0.23042843657254308	0.23042843657254308	0	-0
65_msa1	65	msa1	4	0.18050487031227747	0.1638636815588556	0.23042843657254308	0.06656475501368747	0.11080726245083805
66_msa1	66	msa1	2	0.15066273842939845	0.1374617952999413	0.1638636815588556	0.02640188625891432	-0
67_msa1	67	msa1	4	0.1737030985626401	0.1374617952999413	0.18578353298353972	0.04832173768359843	-0
68_msa1	68	msa1	4	0.1374617952999413	0.1374617952999413	0.1374617952999413	0	-0
69_msa1	69	msa1	4	0.1578716638321418	0.14461866486749614	0.1976306607260788	0.053011995858582656	-0
70_msa1	70	msa1	4	0.18876706332611515	0.1858125308594606	0.1976306607260788	0.011818129866618204	-0
71_msa1	71	msa1	4	0.19467612825942424	0.1858125308594606	0.1976306607260788	0.011818129866618204	-0
72_msa1	72	msa1	4	1.7372819612566213	1.7277377637407476	1.7468261587724951	0.01908839503174753	0.15943124738128767
73_msa1	73	msa1	4	0.1858125308594606	0.1858125308594606	0.1858125308594606	0	-0
74_msa1	74	msa1	4	1.7277377637407476	1.7277377637407476	1.7277377637407476	0	-0
75_msa1	75	msa1	4	0.1941303412873077	0.18621306264960863	0.19676943416654072	0.01055637151693209	-0
76_msa1	76	msa1	4	0.1858125308594606	0.1858125308594606	0.1858125308594606	0	-0
77_msa1	77	msa1	4	0.052915947420036615	0.052915947420036615	0.052915947420036615	0	0.0264630355906853
78_msa1	78	msa1	4	0.0264630355906853	0.0264630355906853	0.0264630355906853	0	-0
79_msa1	79	msa1	4	0.06613732799156491	0.052915947420036615	0.07935870856309321	0.026442761143056596	-0
80_msa1	80	msa1	4	0.1374617952999413	0.1374617952999413	0.1374617952999413	0	-0
81_msa1	81	msa1	4	0.07261369444614128	0.052915947420036615	0.07917961012150951	0.026263662701472894	-0
82_msa1	82	msa1	4	0.22334444970898898	0.20361069280645067	0.22992236867650173	0.026311675870051066	0.02640328261551006
83_msa1	83	msa1	4	0.6383291355826397	0.22992236867650173	1.05944951284636	0.8295271441698582	-0
84_msa1	84	msa1	3	0.4905387325480522	0.18541386707494734	1.0534524725653576	0.8680386054904102	-0
85_msa1	85	msa1	4	0.9994383215291622	0.9646344173726851	1.0280106010002983	0.06337618362761321	-0
87_msa1	87	msa1	4	0.9182597867599693	0.8898199993856085	0.9277397158847562	0.037919716499147715	-0
88_msa1	88	msa1	4	0.05713518782983172	0.026583414127860167	0.07440037041379777	0.0478169562859376	-0
89_msa1	89	msa1	4	0.7402168995393787	0.1976306607260788	1.3328061856048858	1.1351755248788071	0.02640328261551006
90_msa1	90	msa1	4	0.1976306607260788	0.1976306607260788	0.1976306607260788	0	-0
91_msa1	91	msa1	4	0.17001989640157988	0.17001989640157988	0.17001989640157988	0	-0
92_msa1	92	msa1	4	0.14368767211168643	0.14368767211168643	0.14368767211168643	0	-0
93_msa1	93	msa1	4	0.4212877908879491	0.02640328261551006	0.8161722991603881	0.7897690165448781	-0
95_msa1	95	msa1	4	0.15909190312961077	0.15909190312961077	0.15909190312961077	0	-0
96_msa1	96	msa1	4	0.15909190312961077	0.15909190312961077	0.15909190312961077	0	-0
97_msa1	97	msa1	4	0.22409940084008415	0.15909190312961077	0.27594591657788925	0.11685401344827848	-0
98_msa1	98	msa1	4	0.22992236867650173	0.22992236867650173	0.22992236867650173	0	0.13275967883971734
99_msa1	99	msa1	4	0.22992236867650173	0.22992236867650173	0.22992236867650173	0	-0
103_msa1	103	msa1	1	0.052915947420036615	0.052915947420036615	0.052915947420036615	0	-0
105_msa1	105	msa1	4	0.46148523917715345	0.46148523917715345	0.46148523917715345	0	-0
107_msa1	107	msa1	4	0.4747392551737055	0.4353602750562582	0.5920603619465364	0.15670008689027826	-0
109_msa1	109	msa1	4	1.6470545408787296	1.5656044620324157	1.8899064978026032	0.32430203577018757	-0
110_msa1	110	msa1	4	1.5663536018399495	1.5656044620324157	1.5671027416474834	0.0014982796150677657	-0
112_msa1	112	msa1	4	0.6303154992876863	0.245641822001887	1.7630232949034936	1.5173814729016066	-0
113_msa1	113	msa1	1	0.32030168952456933	0.32030168952456933	0.32030168952456933	0	-0
115_msa1	115	msa1	4	1.0039970664263296	0.2194038942825669	1.764814656589637	1.54541076230707	-0
116_msa1	116	msa1	4	1.06652800325834	1.06652800325834	1.06652800325834	0	0.02640328261551006
117_msa1	117	msa1	1	0.026583414127860167	0.026583414127860167	0.026583414127860167	0	-0
118_msa1	118	msa1	4	0.05315659636387117	0.05315659636387117	0.05315659636387117	0	-0
122_msa1	122	msa1	4	0	-0	-0	0	-0
123_msa1	123	msa1	4	0	-0	-0	0	-0
124_msa1	124	msa1	2	0	-0	-0	0	-0
125_msa1	125	msa1	4	0	-0	-0	0	-0
126_msa1	126	msa1	4	0	-0	-0	0	-0
127_msa1	127	msa1	4	0.789524097768625	0.7863339551622779	0.7927142403749721	0.006380285212694181	-0
128_msa1	128	msa1	4	0.789524097768625	0.7863339551622779	0.7927142403749721	0.006380285212694181	-0
129_msa1	129	msa1	1	0.7927142403749721	0.7927142403749721	0.7927142403749721	0	-0
130_msa1	130	msa1	4	1.3214756608725402	0.9308156530810782	1.4593464230450726	0.5285307699639944	-0
132_msa1	132	msa1	4	1.0540773612603787	0.9228130537865032	1.4478702836820052	0.525057229895502	-0
134_msa1	134	msa1	4	0.18612471138763087	0.12763580748602443	0.24461361528923728	0.11697780780321285	-0
136_msa1	136	msa1	4	0.15066273842939845	0.1374617952999413	0.1638636815588556	0.02640188625891432	0.10128314510403909
137_msa1	137	msa1	1	0.18031048882873063	0.18031048882873063	0.18031048882873063	0	-0
138_msa1	138	msa1	4	0.5497237574563933	0.15397826453883717	0.9449681002854272	0.7909898357465901	0.02640328261551006
139_msa1	139	msa1	4	0.26779672346475086	0.1638636815588556	0.3112140038706559	0.14735032231180029	-0
140_msa1	140	msa1	4	0.1638636815588556	0.1638636815588556	0.1638636815588556	0	-0
141_msa1	141	msa1	4	0.17619878701126188	0.1638636815588556	0.18031048882873063	0.01644680726987502	-0
142_msa1	142	msa1	4	0.3168593629487138	0.2971645022770091	0.3234243165059487	0.026259814228939637	0.02640328261551006
143_msa1	143	msa1	4	0.2971645022770091	0.2971645022770091	0.2971645022770091	0	-0
144_msa1	144	msa1	2	0.17001989640157988	0.17001989640157988	0.17001989640157988	0	-0
145_msa1	145	msa1	4	0.5590613317496654	0.17001989640157988	0.948102767097751	0.7780828706961711	0.14368767211168643
147_msa1	147	msa1	4	0.3384690175303906	0.14368767211168643	0.9228130537865032	0.7791253816748168	-0
149_msa1	149	msa1	4	0.19817856009374302	-0	0.7927142403749721	0.7927142403749721	-0
150_msa1	150	msa1	4	0	-0	-0	0	-0
151_msa1	151	msa1	4	0.04252273868179912	-0	0.14368767211168643	0.14368767211168643	-0
152_msa1	152	msa1	4	0.15685378425663316	0.14368767211168643	0.17001989640157988	0.026332224289893458	-0
153_msa1	153	msa1	4	0.13411574295506243	0.02640328261551006	0.17001989640157988	0.14361661378606982	-0
154_msa1	154	msa1	4	0.17660038738791403	0.17001989640157988	0.19634186034691645	0.026321963945336563	-0
155_msa1	155	msa1	4	0.19634186034691645	0.19634186034691645	0.19634186034691645	0	0.02640328261551006
156_msa1	156	msa1	4	0.24126831232170007	0.19634186034691645	0.3234243165059487	0.12708245615903227	-0
157_msa1	157	msa1	4	0.13082256427820196	0.10555260144624688	0.2066324527740672	0.10107985132782031	0.02640328261551006
158_msa1	158	msa1	4	1.09464316701332	1.0945873612728285	1.0946989727538115	1.1161148098293161e-4	-0
160_msa1	160	msa1	4	0.05279649489329103	0.05279649489329103	0.05279649489329103	0	-0
162_msa1	162	msa1	4	0.10615281520226136	-0	0.15909190312961077	0.15909190312961077	-0
163_msa1	163	msa1	1	0.14368767211168643	0.14368767211168643	0.14368767211168643	0	-0
164_msa1	164	msa1	2	0.15943124738128767	0.15943124738128767	0.15943124738128767	0	-0
165_msa1	165	msa1	4	0	-0	-0	0	-0
166_msa1	166	msa1	4	0.5921421397006766	-0	0.7937863431579452	0.7937863431579452	-0
167_msa1	167	msa1	4	0	-0	-0	0	-0
168_msa1	168	msa1	4	0	-0	-0	0	-0
169_msa1	169	msa1	4	0	-0	-0	0	-0
170_msa1	170	msa1	4	0	-0	-0	0	-0
171_msa1	171	msa1	4	0	-0	-0	0	-0
173_msa1	173	msa1	2	0	-0	-0	0	-0
174_msa1	174	msa1	4	0	-0	-0	0	-0
175_msa1	175	msa1	4	0	-0	-0	0	-0
176_msa1	176	msa1	4	0	-0	-0	0	-0
179_msa1	179	msa1	3	0.053198179678537336	0.052915947420036615	0.053521995251704216	6.060478316676013e-4	-0
180_msa1	180	msa1	4	0.07967430854716454	0.0795386761387542	0.07971951934996799	1.8084321121378255e-4	-0
181_msa1	181	msa1	4	0.30839038751094666	0.05303597979726847	1.0479509143104955	0.994914934513227	-0
182_msa1	182	msa1	4	0.026523078704230256	0.026523078704230256	0.026523078704230256	0	0.02640328261551006
183_msa1	183	msa1	4	0.05303597979726847	0.05303597979726847	0.05303597979726847	0	-0
185_msa1	185	msa1	4	0.03324292266752561	0.026523078704230256	0.05303597979726847	0.026512901093038214	-0
186_msa1	186	msa1	4	0.013322318753146045	-0	0.026766196308353925	0.026766196308353925	-0
187_msa1	187	msa1	4	0.026614697394266057	0.026523078704230256	0.026889553464373467	3.6647476014321084e-4	-0
188_msa1	188	msa1	4	0.019802461961632545	-0	0.02640328261551006	0.02640328261551006	-0
190_msa1	190	msa1	4	0.04751945003840976	0.04751945003840976	0.04751945003840976	0	-0
191_msa1	191	msa1	4	0.04751945003840976	0.04751945003840976	0.04751945003840976	0	-0
192_msa1	192	msa1	4	0.3914011155081039	-0	1.5656044620324157	1.5656044620324157	-0
193_msa1	193	msa1	3	0.056384149841563626	0.047624942129031324	0.07390256526662824	0.026277623137596913	-0
194_msa1	194	msa1	4	0.04751945003840976	0.04751945003840976	0.04751945003840976	0	-0
196_msa1	196	msa1	4	0.10026540565465204	0.04751945003840976	0.15299105939746718	0.10547160935905742	0.04751945003840976
197_msa1	197	msa1	1	0.0742336363509558	0.0742336363509558	0.0742336363509558	0	-0
198_msa1	198	msa1	1	0.07406770327208792	0.07406770327208792	0.07406770327208792	0	-0
199_msa1	199	msa1	4	0.13321893586475744	0.07390256526662824	0.15299105939746718	0.07908849413083895	-0
200_msa1	200	msa1	4	0.0742336363509558	0.0742336363509558	0.0742336363509558	0	-0
206_msa1	206	msa1	4	1.1742033465243118	-0	1.5656044620324157	1.5656044620324157	-0
207_msa1	207	msa1	4	1.5656044620324157	1.5656044620324157	1.5656044620324157	0	-0
208_msa1	208	msa1	4	1.5897178230029194	1.5897178230029194	1.5897178230029194	0	-0
209_msa1	209	msa1	4	1.5897178230029194	1.5897178230029194	1.5897178230029194	0	-0
210_msa1	210	msa1	4	1.5656044620324157	1.5656044620324157	1.5656044620324157	0	-0
211_msa1	211	msa1	4	1.6369463408118	1.5671027416474834	1.7067899399761164	0.13968719832863297	1.5641037062426233
212_msa1	212	msa1	4	1.6020245412296417	1.5671027416474834	1.7067899399761164	0.13968719832863297	-0
213_msa1	213	msa1	4	1.6718681403939581	1.5671027416474834	1.7067899399761164	0.13968719832863297	-0
214_msa1	214	msa1	4	1.6132058612998632	1.6084337625419263	1.6275221575736736	0.019088395031747307	-0
216_msa1	216	msa1	4	0.04765144159914101	0.047624942129031324	0.04773094000947007	1.0599788043874625e-4	-0
218_msa1	218	msa1	4	0.1203735239740896	0.10072610065539184	0.12692266508032218	0.026196564424930346	-0
219_msa1	219	msa1	1	0.4875991405186525	0.4875991405186525	0.4875991405186525	0	-0
220_msa1	220	msa1	4	0.07277802637163702	0.05303597979726847	0.07935870856309321	0.02632272876582474	0.02640328261551006
221_msa1	221	msa1	4	0.48128917479401034	0.4623592776200839	0.4875991405186525	0.02523986289856861	-0
222_msa1	222	msa1	4	0.26607548736191905	0.17112987605713828	0.5509123212762614	0.3797824452191232	-0
223_msa1	223	msa1	4	1.0155327560662097	1.0155327560662097	1.0155327560662097	0	-0
225_msa1	225	msa1	4	1.2010891649860724	1.0534524725653576	1.2973274682397433	0.24387499567438575	0.13275967883971734
226_msa1	226	msa1	4	1.1409735550863105	1.0280106010002983	1.191301756855288	0.16329115585498966	0.8387199745485562
227_msa1	227	msa1	4	1.0376120755493057	1.0155327560662097	1.0534524725653576	0.037919716499147826	-0
228_msa1	228	msa1	3	1.1441848467628162	1.0534524725653576	1.1895510338615454	0.1360985612961878	0.04751945003840976
230_msa1	230	msa1	1	1.4228481567052806	1.4228481567052806	1.4228481567052806	0	-0
231_msa1	231	msa1	4	0.5280973437895121	0.4813938377842805	0.5965743109163671	0.11518047313208662	0.02640328261551006
232_msa1	232	msa1	4	0.6822126507188186	0.5977262599626113	0.7416124229820484	0.14388616301943713	-0
233_msa1	233	msa1	4	0.4689582237994886	0.45222103630953214	0.48018743501399325	0.027966398704461104	0.02640328261551006
234_msa1	234	msa1	1	0.4353602750562582	0.4353602750562582	0.4353602750562582	0	-0
235_msa1	235	msa1	1	0.026523078704230256	0.026523078704230256	0.026523078704230256	0	-0
236_msa1	236	msa1	1	0.10072610065539184	0.10072610065539184	0.10072610065539184	0	-0
237_msa1	237	msa1	4	0.10708033297386538	0.07390256526662824	0.20644849809011714	0.13254593282348892	-0
238_msa1	238	msa1	2	0.18355534332363554	0.15977217297505858	0.20733851367221254	0.04756634069715396	-0
241_msa1	241	msa1	4	0.14461866486749614	0.14461866486749614	0.14461866486749614	0	-0
242_msa1	242	msa1	4	0.19544692849792406	0.15977217297505858	0.20733851367221254	0.04756634069715396	0.02640328261551006
243_msa1	243	msa1	4	0.15977217297505858	0.15977217297505858	0.15977217297505858	0	0.02640328261551006
244_msa1	244	msa1	4	0.17112987605713828	0.17112987605713828	0.17112987605713828	0	-0
245_msa1	245	msa1	4	0.19496585879253875	0.17112987605713828	0.21880184152793924	0.047671965470800964	0.13275967883971734
246_msa1	246	msa1	4	0.19165855147103344	0.14461866486749614	0.20733851367221254	0.0627198488047164	-0
247_msa1	247	msa1	4	0.18527909205597404	0.17112987605713828	0.21264355346001096	0.04151367740287268	-0
248_msa1	248	msa1	4	0.16011469134948855	0.16011469134948855	0.16011469134948855	0	-0
249_msa1	249	msa1	4	0.006645853531965042	-0	0.026583414127860167	0.026583414127860167	-0
251_msa1	251	msa1	3	0.00880109420517002	-0	0.02640328261551006	0.02640328261551006	-0
252_msa1	252	msa1	4	0.21359662881166835	0.0264630355906853	0.7221017355022096	0.6956386999115243	-0
253_msa1	253	msa1	4	0.12130944535234656	0.1015003357828703	0.1279124818755053	0.026412146092635008	-0
254_msa1	254	msa1	4	0.1647291867641233	0.15132149654866783	0.17813687697957878	0.026815380430910946	-0
256_msa1	256	msa1	4	0.1509884909480035	0.1509884909480035	0.1509884909480035	0	-0
257_msa1	257	msa1	4	0.7772064986060504	0.7772064986060504	0.7772064986060504	0	-0
258_msa1	258	msa1	1	0.8032756463657967	0.8032756463657967	0.8032756463657967	0	-0
260_msa1	260	msa1	4	1.0302673301951262	0.6698750927576289	1.3906595676326232	0.7207844748749943	-0
261_msa1	261	msa1	2	0.6623114256499092	0.6623114256499092	0.6623114256499092	0	-0
262_msa1	262	msa1	4	1.0246795256962236	0.6623114256499092	1.3889418061075998	0.7266303804576906	-0
263_msa1	263	msa1	4	0.6655473775075956	0.6623114256499092	0.6687833293652821	0.006471903715372873	-0
264_msa1	264	msa1	4	0.22445338317945607	0.0264630355906853	0.8184244259457684	0.7919613903550831	-0
265_msa1	265	msa1	4	1.3784705941124038	1.3641687354574539	1.3889418061075998	0.02477307065014589	-0
266_msa1	266	msa1	2	0.7900526740986764	0.7873911078223806	0.7927142403749721	0.005323132552591425	-0
267_msa1	267	msa1	4	1.3595981381368505	1.3541993668741377	1.3641687354574539	0.009969368583316207	-0
269_msa1	269	msa1	4	1.3658373721911792	1.3658373721911792	1.3658373721911792	0	0.636577105791775
270_msa1	270	msa1	4	1.3844540187722623	1.3658373721911792	1.3906595676326232	0.02482219544144404	-0
272_msa1	272	msa1	4	0.6437429855651458	0.6437429855651458	0.6437429855651458	0	-0
273_msa1	273	msa1	4	0	-0	-0	0	-0
274_msa1	274	msa1	4	0	-0	-0	0	-0
275_msa1	275	msa1	4	0.0264630355906853	0.0264630355906853	0.0264630355906853	0	-0
277_msa1	277	msa1	4	0.15943124738128767	0.15943124738128767	0.15943124738128767	0	-0
279_msa1	279	msa1	4	0.15909190312961077	0.15909190312961077	0.15909190312961077	0	-0
281_msa1	281	msa1	4	0.9046912306090434	0.18541386707494734	1.160349882467046	0.9749360153920986	-0
283_msa1	283	msa1	4	1.1793670785013028	1.0469084925502936	1.576742836354331	0.5298343438040374	-0
284_msa1	284	msa1	4	1.5491542121868327	1.5314343324576434	1.5550608387632292	0.023626506305585826	0.9993922674701301
285_msa1	285	msa1	4	1.576742836354331	1.576742836354331	1.576742836354331	0	-0
286_msa1	286	msa1	4	1.576742836354331	1.576742836354331	1.576742836354331	0	-0
287_msa1	287	msa1	4	1.5491542121868327	1.5314343324576434	1.5550608387632292	0.023626506305585826	-0
288_msa1	288	msa1	4	1.5373409590340399	1.5314343324576434	1.5550608387632292	0.023626506305585826	0.7725909055850784
289_msa1	289	msa1	4	1.6899629332802522	1.553116330048745	1.7355784676907546	0.1824621376420097	-0
290_msa1	290	msa1	4	1.2078757388571355	0.8081461858519794	1.4589031770015473	0.6507569911495679	-0
291_msa1	291	msa1	4	1.6256512023387473	1.4952135263414672	2.0169642303305872	0.52175070398912	-0
292_msa1	292	msa1	4	1.4846209341286638	1.457416006449258	1.4936892433551325	0.03627323690587447	-0
293_msa1	293	msa1	4	1.4948324555948835	1.4936892433551325	1.4952135263414672	0.0015242829863346685	-0
294_msa1	294	msa1	3	0.8218151899741499	0.8218151899741499	0.8218151899741499	0	-0
295_msa1	295	msa1	4	0.8929041229297932	0.8735276941024082	0.8993629325389214	0.025835238436513253	-0
296_msa1	296	msa1	1	1.0406688905602546	1.0406688905602546	1.0406688905602546	0	-0
297_msa1	297	msa1	4	0.8983877772449196	0.8980627254802522	0.8993629325389214	0.0013002070586691783	-0
298_msa1	298	msa1	4	0.5148105066992891	0.10555260144624688	0.9131162111635481	0.8075636097173012	-0
299_msa1	299	msa1	4	0.09912347347798231	0.07935870856309321	0.10579129195129457	0.026432583388201356	0.02640328261551006
300_msa1	300	msa1	4	1.0570079102115488	1.039931757062067	1.0626999612613761	0.02276820419930914	-0
301_msa1	301	msa1	4	1.4002101815387673	1.3844389361132536	1.4054672633472718	0.02102832723401815	-0
302_msa1	302	msa1	4	1.6185813827793587	1.604602831763482	1.6296119211455002	0.02500908938201829	-0
303_msa1	303	msa1	4	1.5854897676809336	1.5854897676809336	1.5854897676809336	0	-0
304_msa1	304	msa1	4	1.534594009002551	1.3819067329674033	1.5854897676809336	0.20358303471353034	0.11734521505887369
305_msa1	305	msa1	4	1.3775374981199024	0.6980367367709038	1.604037751902902	0.9060010151319983	0.5768670268750238
307_msa1	307	msa1	4	0.6555652697630306	0.6555652697630306	0.6555652697630306	0	-0
309_msa1	309	msa1	4	0.04383682307044684	0.026889553464373467	0.09467863188866697	0.0677890784242935	-0
311_msa1	311	msa1	4	0.026766196308353925	0.026766196308353925	0.026766196308353925	0	-0
312_msa1	312	msa1	4	0.0802673688047405	0.0802673688047405	0.0802673688047405	0	0.02640328261551006
313_msa1	313	msa1	4	0.6665125022834852	0.6088767111204046	0.724148293446566	0.1152715823261613	-0
315_msa1	315	msa1	4	1.4639995267837336	1.4006528551880568	1.604037751902902	0.20338489671484528	-0
317_msa1	317	msa1	4	1.335493028181461	1.0665670740155042	1.4447750086526234	0.3782079346371192	0.9464444304457644
319_msa1	319	msa1	4	1.068954490583765	1.0626999612613761	1.0877180785509308	0.02501811728955472	-0
320_msa1	320	msa1	2	0.895986155381242	0.883314538445486	0.908657772316998	0.02534323387151194	-0
321_msa1	321	msa1	4	0.9087234976041434	0.8980627254802522	0.9193842697280346	0.02132154424778232	0.05279649489329103
322_msa1	322	msa1	3	0.889469528909535	0.8722831357681005	0.8980627254802522	0.025779589712151774	0.02640328261551006
323_msa1	323	msa1	4	0.877613521830046	0.8722831357681005	0.8936046800158828	0.02132154424778232	0.026889553464373467
324_msa1	324	msa1	4	0.8464826640946006	0.8206821924211009	0.8722831357681005	0.051600943346999606	0.7863339551622779
325_msa1	325	msa1	4	0.9749036852162912	0.9620598110490267	1.0134353077180847	0.05137549666905794	-0
326_msa1	326	msa1	4	1.127420098493603	0.9620598110490267	1.6235009608273319	0.6614411497783051	-0
327_msa1	327	msa1	4	1.4220094865171304	0.9270200132737456	1.5875639706719618	0.6605439573982161	-0
329_msa1	329	msa1	2	0.20110902946638556	0.20110902946638556	0.20110902946638556	0	-0
331_msa1	331	msa1	4	0.1394474723092933	0.13281447740551502	0.1593464570206281	0.026531979615113083	-0
332_msa1	332	msa1	4	0.13251334527877656	0.13251334527877656	0.13251334527877656	0	-0
333_msa1	333	msa1	4	0.09951348895443549	0.07971951934996799	0.1062721555813935	0.026552636231425508	0.05279649489329103
334_msa1	334	msa1	4	0.1915584091462682	0.14637282937348783	0.2741919424418902	0.12781911306840238	0.026523078704230256
335_msa1	335	msa1	4	0.2367127492074909	0.17283443238484741	0.3005910660301344	0.127756633645287	-0
336_msa1	336	msa1	3	0.5588517436278444	0.3005910660301344	1.0753730988232644	0.77478203279313	-0
338_msa1	338	msa1	4	0.09278235028170981	0.05303597979726847	0.10603114044319024	0.052995160645921774	-0
339_msa1	339	msa1	1	0.13221367037132747	0.13221367037132747	0.13221367037132747	0	-0
340_msa1	340	msa1	4	0.1655170476217585	0.1638636815588556	0.16606816964272614	0.002204488083870526	-0
341_msa1	341	msa1	4	0.2691270172291194	0.22704003058758296	0.3112140038706559	0.08417397328307294	0.05279649489329103
342_msa1	342	msa1	4	0.2848952045588361	0.2848952045588361	0.2848952045588361	0	-0
343_msa1	343	msa1	4	0.2848952045588361	0.2848952045588361	0.2848952045588361	0	-0
344_msa1	344	msa1	4	0.22044988836832263	0.20067946171054166	0.22704003058758296	0.0263605688770413	0.14761824733647944
345_msa1	345	msa1	4	0.9595542383820429	0.9465726032989493	0.9718488180598452	0.02527621476089592	-0
347_msa1	347	msa1	4	1.034756851965867	1.034756851965867	1.034756851965867	0	-0
348_msa1	348	msa1	4	0.8936046800158828	0.8936046800158828	0.8936046800158828	0	0.7863339551622779
349_msa1	349	msa1	4	0.9129393722999966	0.8936046800158828	0.9193842697280346	0.025779589712151774	-0
350_msa1	350	msa1	4	1.6598890874132322	1.64281293426375	1.6655811384630594	0.02276820419930936	-0
351_msa1	351	msa1	4	1.714127834997983	1.6200156484737145	1.7620478736037533	0.14203222513003877	0.02640328261551006
352_msa1	352	msa1	4	1.1435756148550102	1.111753764304944	1.161722706039201	0.04996894173425703	-0
353_msa1	353	msa1	4	1.3825899154750025	1.232776928647957	1.8320288759561392	0.5992519473081821	-0
355_msa1	355	msa1	4	1.3325386205678458	1.0202463111500237	1.4712835113417826	0.45103720019175886	-0
360_msa1	360	msa1	4	0.39713168835678564	0.09467863188866697	1.0247035161115428	0.9300248842228758	0.06663373280709402
362_msa1	362	msa1	2	0.9674208367829009	0.9674208367829009	0.9674208367829009	0	-0
364_msa1	364	msa1	4	0.8950656759936134	0.8707607981886183	0.9169452226094753	0.04618442442085702	-0
366_msa1	366	msa1	4	0.8877205662040117	0.872116654947469	0.8929218699561926	0.020805215008723565	-0
368_msa1	368	msa1	4	0.10593894246779934	0.07935870856309321	0.13281447740551502	0.053455768842421814	-0
371_msa1	371	msa1	4	0.08485583250941837	0.0264630355906853	0.18070596690500834	0.15424293131432304	-0
372_msa1	372	msa1	4	0.11900248116131101	0.10579129195129457	0.13221367037132747	0.026422378420032908	-0
373_msa1	373	msa1	4	0.11266730422237442	0.10579129195129457	0.13281447740551502	0.027023185454220458	-0
374_msa1	374	msa1	3	1.094421943167268	0.8648577629739242	1.3784763094658126	0.5136185464918883	0.02640328261551006
375_msa1	375	msa1	4	0.8494541822074366	0.8419000246274259	0.872116654947469	0.03021663032004318	-0
377_msa1	377	msa1	4	1.3546835808212037	1.1143208619201996	1.604602831763482	0.4902819698432823	0.7678959934386491
378_msa1	378	msa1	4	1.139170525711064	1.139170525711064	1.139170525711064	0	-0
379_msa1	379	msa1	4	1.1385872550695368	1.0567246904863081	1.1685702838606689	0.11184559337436073	-0
381_msa1	381	msa1	4	0.7514540860995419	0.6764636719900734	0.79213479878049875	0.11567112679042535	-0
382_msa1	382	msa1	4	0.11613513857734507	0.11613513857734507	0.11613513857734507	0	-0
383_msa1	383	msa1	4	0.04837776142865732	0.04837776142865732	0.04837776142865732	0	-0
384_msa1	384	msa1	4	0.04837776142865732	0.04837776142865732	0.04837776142865732	0	-0
385_msa1	385	msa1	4	0.04837776142865732	0.04837776142865732	0.04837776142865732	0	-0
386_msa1	386	msa1	4	0.8392222325334894	0.8274666121307679	0.8744890937416538	0.04702248161088596	-0
388_msa1	388	msa1	1	0.026766196308353925	0.026766196308353925	0.026766196308353925	0	-0
389_msa1	389	msa1	4	0.02640328261551006	0.02640328261551006	0.02640328261551006	0	-0
390_msa1	390	msa1	4	0.05315924507249763	0.05279649489329103	0.053521995251704216	7.25500358413185e-4	-0
391_msa1	391	msa1	4	0.019802461961632545	-0	0.02640328261551006	0.02640328261551006	-0
392_msa1	392	msa1	4	0.026797035597358812	0.026766196308353925	0.026889553464373467	1.2335715601954206e-4	-0
393_msa1	393	msa1	4	0.03978126384400384	0.02640328261551006	0.053521995251704216	0.027118712636194156	-0
394_msa1	394	msa1	4	0.17742219102079307	0.12097903920659381	0.24997890041416376	0.12899986120756995	-0
395_msa1	395	msa1	4	0.44284030913857164	0.2477823345191687	1.0247035161115428	0.776921181592374	-0
396_msa1	396	msa1	4	1.0060886153713038	0.9993479770624447	1.0083354948075902	0.008987517745145501	0.02640328261551006
397_msa1	397	msa1	4	1.0101806206972919	0.9993479770624447	1.0247035161115428	0.02535553904909804	0.12763580748602443
398_msa1	398	msa1	4	1.0247035161115428	1.0247035161115428	1.0247035161115428	0	-0
399_msa1	399	msa1	4	1.3466636015701212	1.0247035161115428	1.6686236870286997	0.6439201709171569	0.811716841340734
400_msa1	400	msa1	4	1.6562071898862207	1.6189576984587837	1.6686236870286997	0.049665988569916	-0
401_msa1	401	msa1	4	1.5076436442994106	1.0247035161115428	1.6686236870286997	0.6439201709171569	-0
402_msa1	402	msa1	4	1.3403247168078467	0.9993479770624447	1.6686236870286997	0.669275709966255	-0
403_msa1	403	msa1	4	1.4241129252407476	0.9674208367829009	1.6189576984587837	0.6515368616758828	-0
405_msa1	405	msa1	4	0.7955640704092073	0.7955640704092073	0.7955640704092073	0	-0
406_msa1	406	msa1	4	0.8833082333747151	0.7933311149061225	0.9732853518433078	0.17995423693718526	0.02640328261551006
407_msa1	407	msa1	4	0.9730157013795897	0.7955640704092073	1.5053705942907367	0.7098065238815294	0.7678959934386491
408_msa1	408	msa1	4	0.7996866473287833	0.7933311149061225	0.8187532445967654	0.025422129690642836	-0
409_msa1	409	msa1	4	0.9732853518433078	0.9732853518433078	0.9732853518433078	0	-0
410_msa1	410	msa1	4	0.8199224391469583	0.8199224391469583	0.8199224391469583	0	-0
411_msa1	411	msa1	4	0.8193378418718618	0.8187532445967654	0.8199224391469583	0.0011691945501929313	-0
412_msa1	412	msa1	4	0.8196301405094101	0.8187532445967654	0.8199224391469583	0.0011691945501929313	-0
413_msa1	413	msa1	4	0.7944461259018407	0.7944461259018407	0.7944461259018407	0	-0
414_msa1	414	msa1	4	0.4493508890427907	0.0264630355906853	0.8722387424948961	0.8457757069042108	-0
415_msa1	415	msa1	4	0.052915947420036615	0.052915947420036615	0.052915947420036615	0	-0
416_msa1	416	msa1	4	0.052915947420036615	0.052915947420036615	0.052915947420036615	0	0.02640328261551006
417_msa1	417	msa1	4	0.8975409323975635	0.8975409323975635	0.8975409323975635	0	-0
418_msa1	418	msa1	4	0.059526637705800765	0.052915947420036615	0.07935870856309321	0.026442761143056596	-0
419_msa1	419	msa1	4	0.07917961012150951	0.07917961012150951	0.07917961012150951	0	-0
420_msa1	420	msa1	4	1.0705620090190542	1.0705620090190542	1.0705620090190542	0	-0
421_msa1	421	msa1	4	0.9204284382223307	0.9147129829729684	0.9223335899721181	0.007620606999149682	-0
422_msa1	422	msa1	4	0.07935870856309321	0.07935870856309321	0.07935870856309321	0	0.02640328261551006
423_msa1	423	msa1	4	0.059526637705800765	0.052915947420036615	0.07935870856309321	0.026442761143056596	-0
425_msa1	425	msa1	4	0.6802768218144036	0.052915947420036615	0.8893971132791927	0.8364811658591561	0.02640328261551006
426_msa1	426	msa1	4	0.052915947420036615	0.052915947420036615	0.052915947420036615	0	-0
427_msa1	427	msa1	4	0.3123713472619834	0.052915947420036615	1.0907375467878238	1.037821599367787	-0
428_msa1	428	msa1	4	0.0264630355906853	0.0264630355906853	0.0264630355906853	0	-0
429_msa1	429	msa1	4	0.052915947420036615	0.052915947420036615	0.052915947420036615	0	-0
430_msa1	430	msa1	4	0.02640328261551006	0.02640328261551006	0.02640328261551006	0	-0
431_msa1	431	msa1	4	0	-0	-0	0	-0
432_msa1	432	msa1	4	0	-0	-0	0	-0
433_msa1	433	msa1	4	0.006600820653877515	-0	0.02640328261551006	0.02640328261551006	-0
434_msa1	434	msa1	4	0	-0	-0	0	-0
435_msa1	435	msa1	4	0	-0	-0	0	-0
436_msa1	436	msa1	4	0.07638059932966554	-0	0.30552239731866215	0.30552239731866215	-0
437_msa1	437	msa1	4	0	-0	-0	0	-0
438_msa1	438	msa1	4	0	-0	-0	0	-0
439_msa1	439	msa1	4	0	-0	-0	0	-0
68_msa2	68	msa2	4	0.2896445824252226	0.2896445824252226	0.2896445824252226	0	0.13494527924240662
69_msa2	69	msa2	4	0.32366988411355857	0.32366988411355857	0.32366988411355857	0	0.07390256526662824
70_msa2	70	msa2	4	0.2896445824252226	0.2896445824252226	0.2896445824252226	0	-0
71_msa2	71	msa2	4	0.24299861662333394	0.23633338085367095	0.26299432393232286	0.02666094307865191	0.02640328261551006
73_msa2	73	msa2	4	0.3837940057007514	0.3837940057007514	0.3837940057007514	0	-0
74_msa2	74	msa2	4	0.2941850341407921	0.2740678165687343	0.30089077333147807	0.026822956762743766	-0
76_msa2	76	msa2	4	0.7754313722084393	0.19893912347234255	1.3384958506369875	1.139556727164645	-0
79_msa2	79	msa2	4	0.1645914707300678	0.1645914707300678	0.1645914707300678	0	-0
81_msa2	81	msa2	4	0.46863624548795735	0.20778665682028952	1.1438062600243646	0.9360196032040751	0.02640328261551006
83_msa2	83	msa2	1	0.2892967905791769	0.2892967905791769	0.2892967905791769	0	-0
84_msa2	84	msa2	4	0.26042459193007644	0.2420437779680052	0.2892967905791769	0.04725301261117171	-0
85_msa2	85	msa2	4	0.4096957372064108	0.4096957372064108	0.4096957372064108	0	-0
86_msa2	86	msa2	4	0.29992357713025763	0.24512066078152958	0.3834991042727125	0.13837844349118292	0.02640328261551006
87_msa2	87	msa2	4	0.2300957887755035	0.05279649489329103	0.3834991042727125	0.3307026093794215	-0
88_msa2	88	msa2	4	0.11329987327607881	0.05279649489329103	0.2420437779680052	0.18924728307471417	-0
89_msa2	89	msa2	4	0.6095381932633289	0.05279649489329103	1.0480297437904238	0.9952332488971327	-0
90_msa2	90	msa2	4	0.4342875088659789	0.19634186034691645	1.0534524725653576	0.8571106122184411	-0
91_msa2	91	msa2	4	0.17233020929919957	0.07971951934996799	0.2804183763866947	0.2006988570367267	-0
92_msa2	92	msa2	4	0.1738551150566416	0.13806986127594725	0.18578353298353972	0.04771367170759247	-0
98_msa2	98	msa2	4	0.6350155312191922	0.5703485135246634	0.6652882813221941	0.09493976779753066	-0
99_msa2	99	msa2	4	0.12663839701548185	0.12663839701548185	0.12663839701548185	0	0.02640328261551006
100_msa2	100	msa2	4	0.31026910229386806	0.31026910229386806	0.31026910229386806	0	0.04751945003840976
101_msa2	101	msa2	4	0.11392049844346172	0.10187171479356703	0.12865745413636717	0.02678573934280014	-0
102_msa2	102	msa2	4	0.07406770327208792	0.07406770327208792	0.07406770327208792	0	-0
103_msa2	103	msa2	1	0.05279649489329103	0.05279649489329103	0.05279649489329103	0	-0
105_msa2	105	msa2	4	0.7745115931412446	0.026583414127860167	1.0238209861457062	0.997237572017846	-0
106_msa2	106	msa2	4	1.0288403668016919	0.9998123364204978	1.115924457945274	0.11611212152477624	-0
107_msa2	107	msa2	3	0	-0	-0	0	-0
112_msa2	112	msa2	1	0.10027555659136561	0.10027555659136561	0.10027555659136561	0	-0
120_msa2	120	msa2	4	0.5081448817569069	0.45335355494986196	0.5264086573592551	0.07305510240939317	0.02640328261551006
121_msa2	121	msa2	4	1.400588492121344	1.400588492121344	1.400588492121344	0	-0
122_msa2	122	msa2	4	0.9469427583502321	0.4606223874093962	1.4659377664607922	1.005315379051396	-0
123_msa2	123	msa2	4	0.15299105939746718	0.15299105939746718	0.15299105939746718	0	-0
124_msa2	124	msa2	4	0.29761286992794256	0.21944182737109447	0.32366988411355857	0.1042280567424641	0.05279649489329103
125_msa2	125	msa2	4	0.32366988411355857	0.32366988411355857	0.32366988411355857	0	0.02640328261551006
126_msa2	126	msa2	4	0.22042154262902444	0.22042154262902444	0.22042154262902444	0	-0
127_msa2	127	msa2	4	0.23245764773209723	0.22042154262902444	0.2685659630413156	0.04814442041229114	0.06663373280709402
128_msa2	128	msa2	4	0.2685659630413156	0.2685659630413156	0.2685659630413156	0	-0
129_msa2	129	msa2	4	0.5102241474879252	0.45519142275982466	0.5285683890639588	0.0733769663041341	-0
133_msa2	133	msa2	3	1.482176793641125	1.482176793641125	1.482176793641125	0	-0
134_msa2	134	msa2	4	2.1233511058308143	2.1233511058308143	2.1233511058308143	0	-0
135_msa2	135	msa2	4	1.4294110942765612	1.4267628355029616	1.4320593530501606	0.005296517547199064	0.02640328261551006
136_msa2	136	msa2	4	1.3658758966091635	1.248878532690248	1.5336871680059976	0.2848086353157495	-0
137_msa2	137	msa2	4	1.4857971259074312	1.4004379292553983	1.5162892128029584	0.11585128354756002	1.159640042203193
138_msa2	138	msa2	4	1.3768323383474763	1.3768323383474763	1.3768323383474763	0	-0
139_msa2	139	msa2	4	2.0612104245660334	2.0612104245660334	2.0612104245660334	0	0.3089439744799103
140_msa2	140	msa2	4	2.075136448566222	2.0402282152399662	2.086772526341641	0.04654431110167456	-0
142_msa2	142	msa2	4	1.2729116274533823	1.2729116274533823	1.2729116274533823	0	0.026523078704230256
143_msa2	143	msa2	4	0.15464213541214722	0.14138133068508696	0.16790294013920748	0.02652160945412052	-0
144_msa2	144	msa2	4	0.18471163750441666	0.14329460501769337	0.22612866999113995	0.08283406497344659	-0
145_msa2	145	msa2	4	1.0876261746373939	1.0876261746373939	1.0876261746373939	0	0.047624942129031324
146_msa2	146	msa2	3	0.17932996038955704	0.1614118851312919	0.1882889980186896	0.02687711288739769	-0
147_msa2	147	msa2	4	0.3564806325344785	0.24723396823935154	0.465666539841537	0.21843257160218546	-0
149_msa2	149	msa2	4	0.232781946243084	0.19263154243295105	0.24616541417979496	0.0535338717468439	-0
151_msa2	151	msa2	4	0.04815788560823776	-0	0.19263154243295105	0.19263154243295105	-0
152_msa2	152	msa2	4	0.026889553464373467	0.026889553464373467	0.026889553464373467	0	-0
153_msa2	153	msa2	4	0.026889553464373467	0.026889553464373467	0.026889553464373467	0	-0
154_msa2	154	msa2	4	0.040329075236272806	0.026889553464373467	0.053768597008172145	0.026879043543798678	-0
155_msa2	155	msa2	4	0.04704883612222248	0.026889553464373467	0.053768597008172145	0.026879043543798678	0.02640328261551006
156_msa2	156	msa2	4	0.09528917577606974	0.0750754368169396	0.10233783670020527	0.027262399883265676	-0
157_msa2	157	msa2	4	0.18116358731979357	0.16115191923782016	0.18783414334711804	0.02668222410929788	-0
158_msa2	158	msa2	3	0.3041705733361623	0.3019266594075003	0.3052925303004933	0.003365870892993006	-0
159_msa2	159	msa2	4	0.18035342935112492	0.16715762996583056	0.1935492287364193	0.026391598770588748	-0
167_msa2	167	msa2	4	0.04704883612222248	0.026889553464373467	0.053768597008172145	0.026879043543798678	-0
168_msa2	168	msa2	4	0.026889553464373467	0.026889553464373467	0.026889553464373467	0	-0
169_msa2	169	msa2	4	0.026889553464373467	0.026889553464373467	0.026889553464373467	0	-0
170_msa2	170	msa2	4	0.026797934774337666	0.026523078704230256	0.026889553464373467	3.6647476014321084e-4	-0
171_msa2	171	msa2	2	0.06098228818021294	0.04773094000947007	0.0742336363509558	0.026502696341485728	-0
172_msa2	172	msa2	4	0.14820693971977145	0.0742336363509558	0.37012684982621835	0.29589321347526254	-0
173_msa2	173	msa2	4	0.2575463970022591	0.2377549391643255	0.26414354961490366	0.026388610450578165	-0
175_msa2	175	msa2	1	0.3142508495758843	0.3142508495758843	0.3142508495758843	0	-0
179_msa2	179	msa2	4	1.1554903328221835	1.0876261746373939	1.3590828073765522	0.2714566327391583	-0
180_msa2	180	msa2	1	1.3590828073765522	1.3590828073765522	1.3590828073765522	0	-0
181_msa2	181	msa2	4	1.3590828073765522	1.3590828073765522	1.3590828073765522	0	0.863120568566631
182_msa2	182	msa2	4	2.1881442847480734	2.1806808509904845	2.2105345860208403	0.02985373503035582	-0
183_msa2	183	msa2	4	1.3857407893361657	1.3590828073765522	1.3946267833227035	0.03554397594615133	-0
184_msa2	184	msa2	4	1.1145122140943025	1.0876261746373939	1.1234742272466054	0.035848052609211534	-0
185_msa2	185	msa2	4	1.086106867396283	1.086106867396283	1.086106867396283	0	0.08444442202672181
186_msa2	186	msa2	4	0.8659032037023604	0.24451412129704203	1.0891491886203952	0.8446350673233531	0.08444442202672181
187_msa2	187	msa2	4	0.4031465789729862	0.3834991042727125	0.4096957372064108	0.026196632933698283	-0
189_msa2	189	msa2	4	0.3343903644974814	0.26303697635023726	0.40571216199710486	0.1426751856468676	0.1894721182924874
190_msa2	190	msa2	4	0.4171804996067078	0.33650797239502145	0.4527964544418705	0.11628848204684905	-0
191_msa2	191	msa2	4	0.3978618566879794	0.31158407530771204	0.42662111714806855	0.11503704184035651	0.04751945003840976
192_msa2	192	msa2	4	0.3043347145183951	0.28521657817813223	0.31158407530771204	0.02636749712957981	-0
193_msa2	193	msa2	4	0.6980482239496334	0.20733851367221254	1.1782004223152511	0.9708619086430386	-0
195_msa2	195	msa2	4	0.14461866486749614	0.14461866486749614	0.14461866486749614	0	-0
196_msa2	196	msa2	4	0.14461866486749614	0.14461866486749614	0.14461866486749614	0	-0
197_msa2	197	msa2	4	0.14461866486749614	0.14461866486749614	0.14461866486749614	0	-0
198_msa2	198	msa2	4	0.14461866486749614	0.14461866486749614	0.14461866486749614	0	0.02640328261551006
199_msa2	199	msa2	4	0.033106358182316845	0.0264630355906853	0.052915947420036615	0.026452911829351316	-0
200_msa2	200	msa2	4	0.6595116579423884	0.026583414127860167	0.8704877392138978	0.8439043250860376	-0
201_msa2	201	msa2	4	0.0264630355906853	0.0264630355906853	0.0264630355906853	0	-0
203_msa2	203	msa2	4	0.7983768623629537	0.05279649489329103	1.0469084925502936	0.9941119976570025	-0
204_msa2	204	msa2	4	0.10290900356849568	0.07917961012150951	0.12663839701548185	0.04745878689397234	-0
205_msa2	205	msa2	4	0.15662489916783326	0.026523078704230256	0.26303697635023726	0.236513897646007	0.02640328261551006
206_msa2	206	msa2	3	0.3275180666837827	0.17112987605713828	0.40571216199710486	0.23458228593996658	-0
207_msa2	207	msa2	4	0.5754617055354992	0.4318981620029498	1.0043242573761335	0.5724260953731837	-0
208_msa2	208	msa2	4	1.1185527801963935	1.0043242573761335	1.274347059105435	0.2700228017293016	-0
209_msa2	209	msa2	4	0.5451789962182377	0.37808005455174915	1.0043242573761335	0.6262442028243844	0.11734521505887369
210_msa2	210	msa2	4	1.1453312629394166	0.9829372779686909	1.2603189126977326	0.27738163472904165	-0
211_msa2	211	msa2	4	1.0552665584863277	0.9829372779686909	1.0793763186588732	0.09643904069018228	-0
212_msa2	212	msa2	4	0.970804846041569	0.9225853256964779	1.0190243663866603	0.09643904069018239	0.8417535594225671
213_msa2	213	msa2	4	1.7170782405937381	1.5532912720149161	1.7811158477606115	0.22782457574569537	0.0264630355906853
214_msa2	214	msa2	4	1.5713286086159295	1.5532912720149161	1.5773410541496005	0.02404978213468434	-0
215_msa2	215	msa2	4	1.1984325781638754	1.0721297528353002	1.5773410541496005	0.5052113013143003	-0
218_msa2	218	msa2	4	1.1823288322321115	1.1823288322321115	1.1823288322321115	0	-0
220_msa2	220	msa2	4	1.188422642858398	1.1823288322321115	1.2063141377390887	0.023985305506977195	0.13275967883971734
221_msa2	221	msa2	4	0.21348260801868232	0.206892465799422	0.2332530346764633	0.0263605688770413	-0
222_msa2	222	msa2	4	0.24339594308739598	0.23686314947242038	0.26299432393232286	0.026131174459902484	-0
223_msa2	223	msa2	4	0.30962424065763383	0.2896445824252226	0.3162841267351042	0.02663954430988158	0.0264630355906853
224_msa2	224	msa2	4	0.3775838725620212	0.3575829595895394	0.3842508435528485	0.026667883963309102	-0
225_msa2	225	msa2	4	0.3821916703831682	0.37552742285973956	0.40218441295345414	0.026656990093714583	-0
226_msa2	226	msa2	4	0.3088360014148417	0.2954912112510357	0.32218079157864765	0.026689580327611928	-0
227_msa2	227	msa2	4	0.6322519810729855	0.2402654779158655	1.7815219102167337	1.5412564323008682	0.1894721182924874
228_msa2	228	msa2	4	0.25361026807967146	0.2402654779158655	0.26695505824347743	0.026689580327611928	-0
229_msa2	229	msa2	4	0.23228892971240395	0.21894143884003897	0.27233140232949893	0.05338996348945996	-0
230_msa2	230	msa2	4	0.04693805500590929	0.026827723134058217	0.0804517809029611	0.053624057768902875	-0
231_msa2	231	msa2	4	0.03350129116346972	0.026827723134058217	0.053521995251704216	0.026694272117646	-0
233_msa2	233	msa2	4	0.08651378163396393	0.026827723134058217	0.14619984013386966	0.11937211699981144	-0
234_msa2	234	msa2	4	0.7724803259382325	0.19893912347234255	0.9636607267601958	0.7647216032878532	-0
237_msa2	237	msa2	4	0.020213767205572965	-0	0.02695168960743062	0.02695168960743062	-0
238_msa2	238	msa2	3	0.09372777962765555	0.05389281232987763	0.1733977142232114	0.11950490189333376	-0
240_msa2	240	msa2	1	0.22265353621696754	0.22265353621696754	0.22265353621696754	0	-0
241_msa2	241	msa2	4	1.056346110019823	1.01861367838038	1.0689235872329708	0.05030990885259068	0.11734521505887369
242_msa2	242	msa2	4	1.018190475341777	0.9942504671249457	1.0394851636466789	0.045234696521733175	0.02640328261551006
243_msa2	243	msa2	1	0.9986416500314428	0.9986416500314428	0.9986416500314428	0	-0
244_msa2	244	msa2	1	1.1005254942331493	1.1005254942331493	1.1005254942331493	0	0.04751945003840976
245_msa2	245	msa2	4	1.1779361293785386	1.1141959968158348	1.2291594039692315	0.1149634071533967	0.02640328261551006
246_msa2	246	msa2	4	1.1914832535487156	1.178924536741877	1.2291594039692315	0.050234867227354485	-0
247_msa2	247	msa2	4	1.0740809566401255	1.0488626554597955	1.099292386716683	0.050429731256887544	0.04751945003840976
248_msa2	248	msa2	4	1.066456261243351	1.0488626554597955	1.0940153418618017	0.045152686402006204	0.04751945003840976
249_msa2	249	msa2	4	1.2838390980189633	1.0488626554597955	1.9871783284327331	0.9383156729729376	0.04751945003840976
250_msa2	250	msa2	4	1.060150827060297	1.0488626554597955	1.0940153418618017	0.045152686402006204	-0
252_msa2	252	msa2	4	0.9714869095008904	0.9494037671917055	1.0196260745616625	0.07022230736995705	-0
254_msa2	254	msa2	4	0.7137240780920379	0.2643179187835922	1.1609027586362441	0.8965848398526519	-0
255_msa2	255	msa2	3	0.9696060961851283	0.18541386707494734	1.6986576112370313	1.513243744162084	-0
256_msa2	256	msa2	4	1.8367857259483436	1.33384508936324	2.0655747788277248	0.7317296894644847	-0
257_msa2	257	msa2	4	1.864192278034729	1.3167755052619858	2.055489004448206	0.7387134991862201	0.13275967883971734
258_msa2	258	msa2	4	1.804326655674074	1.292660712239599	2.0106504172953468	0.7179897050557478	0.02640328261551006
259_msa2	259	msa2	4	1.572822331287862	1.0568851067764709	1.7448014061249923	0.6879162993485215	-0
261_msa2	261	msa2	4	1.3809911300008695	0.8710418215902895	1.5528572831072311	0.6818154615169416	-0
262_msa2	262	msa2	4	1.9818784976568384	1.6172857682845196	2.2285571468121756	0.611271378527656	-0
263_msa2	263	msa2	4	1.1101970734994997	0.15636483503402504	1.8728755665190662	1.7165107314850412	-0
265_msa2	265	msa2	4	1.7296160530445217	1.2840182098640518	1.901341565058855	0.6173233551948032	0.02640328261551006
266_msa2	266	msa2	4	1.5936043915442695	1.2826569912460635	1.9050722963992028	0.6224153051531394	-0
267_msa2	267	msa2	3	1.308870700080831	1.2826569912460635	1.3226426239768354	0.039985632730771936	-0
268_msa2	268	msa2	4	1.386139413698551	1.2309991526505877	1.8515601968424404	0.6205610441918528	1.1349571830632323
269_msa2	269	msa2	4	1.524745419259258	1.2088852950575137	1.8515601968424404	0.6426749017849267	0.02640328261551006
270_msa2	270	msa2	4	1.9514881933846413	1.8296508900795638	2.2727723881137263	0.44312149803416245	0.11734521505887369
271_msa2	271	msa2	4	2.034590159377262	1.8294702046730114	2.250682395944297	0.42121219127128584	-0
272_msa2	272	msa2	4	1.9704362543624403	1.6172857682845196	2.2285571468121756	0.611271378527656	-0
273_msa2	273	msa2	4	1.459465598498436	0.942646268362814	1.638965178673205	0.696318910310391	0.8184244259457684
274_msa2	274	msa2	3	1.650264900522424	1.5741037987546376	1.7003051561233962	0.1262013573687586	0.8285723755524321
275_msa2	275	msa2	4	1.5031604367915705	0.9834845070985673	1.6763857466892382	0.692901239590671	-0
276_msa2	276	msa2	4	1.5275100014344367	1.0091245373675581	1.7003051561233962	0.691180618755838	-0
277_msa2	277	msa2	4	0.8927114979305193	0.2897339277830887	1.1058886114240705	0.8161546836409818	0.02640328261551006
278_msa2	278	msa2	4	1.7671522376322264	1.6651905689077844	1.8627482064367382	0.19755763752895383	-0
279_msa2	279	msa2	4	1.221486878414982	0.2954912112510357	1.9675299956674706	1.6720387844164348	0.02640328261551006
280_msa2	280	msa2	2	1.316563761379625	1.265562424388846	1.367565098370404	0.10200267398155805	-0
281_msa2	281	msa2	4	1.3684570930710849	1.3555469960214366	1.3786790180777222	0.023132022056285617	-0
282_msa2	282	msa2	4	1.977892171676805	1.9656820572107352	1.9925402587276393	0.0268582015169041	-0
284_msa2	284	msa2	4	1.0878674750410147	0.9983781527488309	1.133910528129158	0.13553237538032703	0.10128314510403909
285_msa2	285	msa2	4	1.1401986591654558	1.133910528129158	1.159063052274349	0.02515252414519109	0.7863339551622779
286_msa2	286	msa2	4	1.0536810675431945	1.0437155927082993	1.0636465423780896	0.019930949669790365	-0
287_msa2	287	msa2	4	1.7877358606099594	1.112698410110968	2.0430292000549084	0.9303307899439404	-0
289_msa2	289	msa2	4	0.9921441581470258	0.9321620357555824	1.0291532169099875	0.09699118115440508	-0
293_msa2	293	msa2	2	1.3565501239982556	1.0108337157516942	1.702266532244817	0.6914328164931227	-0
294_msa2	294	msa2	4	1.5515548943477744	1.0568851067764709	1.7448014061249923	0.6879162993485215	-0
295_msa2	295	msa2	4	0.18550595263740796	0.17207278180247337	0.19893912347234255	0.026866341669869176	-0
296_msa2	296	msa2	4	0.23278064907166887	0.19893912347234255	0.2666221746709952	0.06768305119865264	0.16945780813262684
297_msa2	297	msa2	4	0.45765532715479906	0.17207278180247337	1.3144029632117762	1.1423301814093028	-0
298_msa2	298	msa2	4	0.22579466408743937	0.22579466408743937	0.22579466408743937	0	-0
299_msa2	299	msa2	3	0.02695168960743062	0.02695168960743062	0.02695168960743062	0	-0
300_msa2	300	msa2	4	0.45136408906050574	0.45136408906050574	0.45136408906050574	0	0.02640328261551006
301_msa2	301	msa2	4	0.43598752399366625	0.43454781530394215	0.4403066500628386	0.005758834758896436	-0
303_msa2	303	msa2	4	0.5467607001531882	0.47743112357857914	0.5926782831330941	0.11524715955451498	-0
304_msa2	304	msa2	4	0.6051179313861553	0.5365755434095211	0.652335941271644	0.11576039786212289	-0
305_msa2	305	msa2	1	0.07971951934996799	0.07971951934996799	0.07971951934996799	0	-0
307_msa2	307	msa2	4	0.91072747887521	0.9104010920301868	0.9117066394102797	0.0013055473800929196	-0
308_msa2	308	msa2	4	0.9260619361967938	0.9196137222899547	0.9454065779173108	0.025792855627356004	-0
309_msa2	309	msa2	4	0.9361512664432756	0.9358113981160742	0.9371708714248799	0.0013594733088057032	0.7908025845764561
310_msa2	310	msa2	4	0.9722215076447843	0.9722215076447843	0.9722215076447843	0	-0
311_msa2	311	msa2	4	0.9156601808501172	0.9117066394102797	0.9196137222899547	0.00790708287967501	0.11784527631735134
312_msa2	312	msa2	4	0.9186187246933051	0.9182870588277552	0.9196137222899547	0.001326663462199562	-0
313_msa2	313	msa2	4	0.9186187246933051	0.9182870588277552	0.9196137222899547	0.001326663462199562	-0
314_msa2	314	msa2	4	0.20831013946214383	0.17207278180247337	0.22038925868203396	0.04831647687956059	-0
315_msa2	315	msa2	4	0.096236848304218775	-0	0.14619984013386966	0.14619984013386966	-0
316_msa2	316	msa2	3	0.04462390454582221	0.026827723134058217	0.053521995251704216	0.026694272117646	-0
317_msa2	317	msa2	4	0.17761732734316915	0.05364499285255964	0.21894143884003897	0.16529644598747933	-0
319_msa2	319	msa2	4	0.3181803265266471	0.2741671721752092	0.37552742285973956	0.10136025068453036	-0
320_msa2	320	msa2	1	0.279950936889006	0.279950936889006	0.279950936889006	0	0.02640328261551006
323_msa2	323	msa2	4	0.2801312867598895	0.20960048966038736	0.3036415524597236	0.09404106279933622	0.04751945003840976
324_msa2	324	msa2	4	0.9394231293148554	0.20960048966038736	1.1826973425330114	0.973096852872624	-0
325_msa2	325	msa2	4	1.1824209598073365	1.1823288322321115	1.1826973425330114	3.6851030089990466e-4	-0
326_msa2	326	msa2	4	1.1823288322321115	1.1823288322321115	1.1823288322321115	0	-0
327_msa2	327	msa2	4	1.0951086474218794	1.0721297528353002	1.164045331181617	0.0919155783463168	0.9998703776486075
328_msa2	328	msa2	4	1.5532912720149161	1.5532912720149161	1.5532912720149161	0	-0
329_msa2	329	msa2	4	1.5532912720149161	1.5532912720149161	1.5532912720149161	0	-0
330_msa2	330	msa2	4	1.1467158802988415	0.9829372779686909	1.262274962283901	0.27933768431521	0.02640328261551006
332_msa2	332	msa2	4	0.866381062337788	0.866381062337788	0.866381062337788	0	-0
333_msa2	333	msa2	4	0.9580243954777427	0.9480342765821358	0.9879947521645631	0.039960475582427324	-0
335_msa2	335	msa2	4	0.060892624364900415	0.05279649489329103	0.08518101277972856	0.03238451788643753	-0
336_msa2	336	msa2	4	0.07419139069158832	0.05279649489329103	0.1383760780864802	0.08557958319318917	-0
337_msa2	337	msa2	4	0.25858243229212896	0.1846105613051612	0.31016570919840186	0.12555514789324065	-0
338_msa2	338	msa2	3	0.2780826791823598	0.248954896130702	0.3015265558062198	0.05257165967551777	-0
339_msa2	339	msa2	4	1.0307912414659322	1.0091321176238053	1.0599118257981737	0.05077970817436839	-0
340_msa2	340	msa2	4	1.0381246519413696	1.0091321176238053	1.0599118257981737	0.05077970817436839	0.05279649489329103
341_msa2	341	msa2	4	0.8972714524173118	0.872116654947469	0.9727358448268402	0.10061918987937113	-0
342_msa2	342	msa2	4	0.9854376053296092	0.9473119685802541	0.9981461509127275	0.05083418233247339	-0
343_msa2	343	msa2	4	0.8274666121307679	0.8274666121307679	0.8274666121307679	0	-0
344_msa2	344	msa2	4	0.8450357518766675	0.7811461852886468	0.9089253184646882	0.1277791331760414	-0
345_msa2	345	msa2	4	0.9981359491459084	0.9473119685802541	1.023542838545326	0.07623086996507189	0.7725909055850784
347_msa2	347	msa2	3	1.023542838545326	1.023542838545326	1.023542838545326	0	0.05279649489329103
349_msa2	349	msa2	4	0.2961829968093081	0.248954896130702	0.3327239794940907	0.0837690833633887	-0
351_msa2	351	msa2	1	1.121745212814758	1.121745212814758	1.121745212814758	0	0.08481098129199663
352_msa2	352	msa2	3	1.0878112604121462	1.0708442842108403	1.121745212814758	0.050900928603917706	-0
353_msa2	353	msa2	4	1.095619891969437	1.0471104811599312	1.145768539228351	0.09865805806841976	-0
354_msa2	354	msa2	4	1.1211451386119518	1.1129373384064853	1.145768539228351	0.032831200821865636	-0
355_msa2	355	msa2	4	1.094553961194179	1.094553961194179	1.094553961194179	0	-0
357_msa2	357	msa2	4	0.2756485164848677	0.0264630355906853	1.023204959167415	0.9967419235767297	-0
360_msa2	360	msa2	4	0.2817953354010537	0.2817953354010537	0.2817953354010537	0	-0
362_msa2	362	msa2	4	0.1647291867641233	0.15132149654866783	0.17813687697957878	0.026815380430910946	0.04751945003840976
363_msa2	363	msa2	4	0.17784105034454273	0.17774244146619736	0.17813687697957878	3.9443551338141924e-4	-0
365_msa2	365	msa2	4	0.15123824514850176	0.1509884909480035	0.15132149654866783	3.3300560066432117e-4	-0
366_msa2	366	msa2	4	0.17143303187185105	0.15132149654866783	0.17813687697957878	0.026815380430910946	-0
367_msa2	367	msa2	4	0.17813687697957878	0.17813687697957878	0.17813687697957878	0	0.10128314510403909
368_msa2	368	msa2	4	0.17541496161400305	0.17541496161400305	0.17541496161400305	0	-0
369_msa2	369	msa2	4	0.17541496161400305	0.17541496161400305	0.17541496161400305	0	-0
370_msa2	370	msa2	4	0.2286051485075284	0.17541496161400305	0.2817953354010537	0.10638037378705067	0.0264630355906853
371_msa2	371	msa2	4	0.08560103949767815	0.026583414127860167	0.14461866486749614	0.11803525073963597	-0
372_msa2	372	msa2	4	1.1851519222862419	1.1490384463483598	1.197189747598869	0.04815130125050926	-0
373_msa2	373	msa2	4	1.0705781437099264	1.0705781437099264	1.0705781437099264	0	-0
375_msa2	375	msa2	4	1.1285861644756467	1.0708442842108403	1.1884206837051368	0.11757639949429644	0.9993922674701301
376_msa2	376	msa2	4	1.2358481173466327	1.2048675794814556	1.3229374476027393	0.11806986812128373	0.04773094000947007
377_msa2	377	msa2	4	1.2084901606046767	1.2048675794814556	1.2096976876457504	0.004830108164294744	-0
378_msa2	378	msa2	4	1.24404827878169	1.2096976876457504	1.257053142890638	0.0473554552448876	-0
379_msa2	379	msa2	4	0.8762926447243731	0.2764591917052147	1.0907311396641957	0.814271947958981	0.02640328261551006
380_msa2	380	msa2	4	1.0351381457710631	1.0182377987575275	1.068990123764041	0.05075232500651339	0.13275967883971734
381_msa2	381	msa2	4	1.020259860554891	0.9852223608315952	1.036137121421321	0.05091476058972588	0.13275967883971734
383_msa2	383	msa2	4	0.990504862659821	0.945854557471659	1.0094106494081998	0.06355609193654077	-0
385_msa2	385	msa2	4	0.9252106122112284	0.9252106122112284	0.9252106122112284	0	-0
386_msa2	386	msa2	4	0.09131474778386899	0.04837776142865732	0.19325720170851898	0.14487944027986166	-0
387_msa2	387	msa2	4	0.15132149654866783	0.15132149654866783	0.15132149654866783	0	-0
390_msa2	390	msa2	2	0.11492798384793675	0.07406770327208792	0.15578826442378557	0.08172056115169765	-0
392_msa2	392	msa2	2	0.5229032324134653	0.10579129195129457	0.9400151728756359	0.8342238809243413	-0
396_msa2	396	msa2	4	0.8941015777817671	0.892292442356259	0.8959107132072752	0.003618270851016181	-0
397_msa2	397	msa2	4	0.9175415155600776	0.9175415155600776	0.9175415155600776	0	0.05279649489329103
398_msa2	398	msa2	4	0.9175415155600776	0.9175415155600776	0.9175415155600776	0	-0
399_msa2	399	msa2	4	0.07917961012150951	0.07917961012150951	0.07917961012150951	0	-0
400_msa2	400	msa2	4	0.0801337382075982	0.07917961012150951	0.0804517809029611	0.001272170781451587	0.02640328261551006
402_msa2	402	msa2	4	0.026889553464373467	0.026889553464373467	0.026889553464373467	0	-0
403_msa2	403	msa2	4	0.7811461852886468	0.7811461852886468	0.7811461852886468	0	-0
405_msa2	405	msa2	4	0.1044660639747631	0.04837776142865732	0.17813687697957878	0.12975911555092146	-0
407_msa2	407	msa2	4	0.04848740692447222	0.04848740692447222	0.04848740692447222	0	0.04751945003840976
408_msa2	408	msa2	4	0.04848740692447222	0.04848740692447222	0.04848740692447222	0	-0
409_msa2	409	msa2	1	0.047837447427700956	0.047837447427700956	0.047837447427700956	0	-0
410_msa2	410	msa2	4	0.23875222823889486	0.23875222823889486	0.23875222823889486	0	-0
412_msa2	412	msa2	4	0.43961876952075835	0.21756681018999585	0.9732853518433078	0.7557185416533119	-0
413_msa2	413	msa2	4	0.9776331971329766	0.9776331971329766	0.9776331971329766	0	-0
414_msa2	414	msa2	4	0.9776331971329766	0.9776331971329766	0.9776331971329766	0	0.1898608035902013
415_msa2	415	msa2	4	0.21756681018999585	0.21756681018999585	0.21756681018999585	0	-0
416_msa2	416	msa2	4	0.19766979791025996	0.1910374604836813	0.21756681018999585	0.026529349706314542	-0
417_msa2	417	msa2	4	0.23875222823889486	0.23875222823889486	0.23875222823889486	0	-0
418_msa2	418	msa2	4	0.9776331971329766	0.9776331971329766	0.9776331971329766	0	-0
419_msa2	419	msa2	4	0.21986849817681464	0.21986849817681464	0.21986849817681464	0	-0
420_msa2	420	msa2	4	0.19102353303609637	0.047837447427700956	0.23875222823889486	0.1909147808111939	-0
422_msa2	422	msa2	4	0.3152485153078566	0.047837447427700956	0.8607897631262035	0.8129523156985026	-0
423_msa2	423	msa2	4	0.06852914028439606	0.04837776142865732	0.07524626656964231	0.02686850514098499	-0
424_msa2	424	msa2	4	0.04813501580213286	0.047837447427700956	0.04848740692447222	6.499594967712616e-4	-0
425_msa2	425	msa2	4	0.11351030993855818	0.04848740692447222	0.17853321295264415	0.13004580602817195	-0
426_msa2	426	msa2	4	0.3793671001391478	0.18352771255909361	0.9668852628793104	0.7833575503202168	-0
427_msa2	427	msa2	4	0.040329075236272806	0.026889553464373467	0.053768597008172145	0.026879043543798678	-0
428_msa2	428	msa2	4	0.053521995251704216	0.053521995251704216	0.053521995251704216	0	-0
429_msa2	429	msa2	4	0.8961314749670412	0.8685689071270238	0.975111424188079	0.10654251706105511	0.02640328261551006
430_msa2	430	msa2	4	0.053768597008172145	0.053768597008172145	0.053768597008172145	0	-0
431_msa2	431	msa2	4	1.0469868902156712	1.0469868902156712	1.0469868902156712	0	-0
432_msa2	432	msa2	4	1.0469868902156712	1.0469868902156712	1.0469868902156712	0	-0
433_msa2	433	msa2	4	1.452532382994494	1.0469868902156712	1.588784943700748	0.5417980534850768	-0
434_msa2	434	msa2	4	1.5927481304957212	1.5924081793296603	1.5937679839939034	0.001359804664243125	0.026704970702600073
435_msa2	435	msa2	4	1.5896751803511855	1.5896751803511855	1.5896751803511855	0	-0
436_msa2	436	msa2	4	1.5896751803511855	1.5896751803511855	1.5896751803511855	0	-0
437_msa2	437	msa2	4	1.5680353442459731	1.5680353442459731	1.5680353442459731	0	-0
438_msa2	438	msa2	4	1.5680353442459731	1.5680353442459731	1.5680353442459731	0	0.9993922674701301
439_msa2	439	msa2	4	1.5680353442459731	1.5680353442459731	1.5680353442459731	0	-0
440_msa2	440	msa2	4	1.8026838398241647	1.5680353442459731	1.8809000050168951	0.312864660770922	0.8498513746674479
441_msa2	441	msa2	4	1.5464354904209183	1.5464354904209183	1.5464354904209183	0	-0
442_msa2	442	msa2	4	1.95036343071227	1.95036343071227	1.95036343071227	0	-0
443_msa2	443	msa2	4	1.95036343071227	1.95036343071227	1.95036343071227	0	-0
444_msa2	444	msa2	4	1.9315997401808234	1.8753086685864837	1.95036343071227	0.07505476212578621	-0
445_msa2	445	msa2	4	1.8819831339139617	1.8753086685864837	1.8886575992414396	0.013348930654955904	-0
446_msa2	446	msa2	4	2.0896346118934135	2.0896346118934135	2.0896346118934135	0	-0
447_msa2	447	msa2	4	1.9840653953981016	1.8573656968257046	2.1107650939704987	0.2533993971447941	0.8428503711752757
449_msa2	449	msa2	4	1.8359721815053718	1.8359721815053718	1.8359721815053718	0	0.998707202012167
450_msa2	450	msa2	4	1.841320560335455	1.8359721815053718	1.8573656968257046	0.021393515320332845	-0
451_msa2	451	msa2	4	1.847823359596764	1.847823359596764	1.847823359596764	0	-0
452_msa2	452	msa2	4	1.8637397229532766	1.847823359596764	1.9114888130228147	0.06366545342605079	-0
453_msa2	453	msa2	4	1.8584323607935862	1.8267694238846903	1.8900952977024819	0.06332587381779153	0.3089439744799103
454_msa2	454	msa2	4	1.6817412655737871	1.2466567906410777	1.8267694238846903	0.5801126332436126	-0
456_msa2	456	msa2	4	0.7580100145242752	0.3731979867278158	1.1428220423207347	0.7696240555929189	-0
457_msa2	457	msa2	4	0.3413707079390705	0.3095434291503252	0.3731979867278158	0.06365455757749061	-0
458_msa2	458	msa2	4	0.3089439744799103	0.3089439744799103	0.3089439744799103	0	-0
459_msa2	459	msa2	4	0	-0	-0	0	-0
460_msa2	460	msa2	3	0.30552239731866215	0.30552239731866215	0.30552239731866215	0	-0
461_msa2	461	msa2	4	0.22914179798899661	-0	0.30552239731866215	0.30552239731866215	-0
462_msa2	462	msa2	4	0	-0	-0	0	-0
463_msa2	463	msa2	4	0.07638059932966554	-0	0.30552239731866215	0.30552239731866215	-0
464_msa2	464	msa2	4	0.22914179798899661	-0	0.30552239731866215	0.30552239731866215	-0
465_msa2	465	msa2	4	0	-0	-0	0	-0
466_msa2	466	msa2	4	0	-0	-0	0	-0
467_msa2	467	msa2	4	0	-0	-0	0	-0
468_msa2	468	msa2	4	0	-0	-0	0	-0
469_msa2	469	msa2	4	0	-0	-0	0	-0
470_msa2	470	msa2	4	0.15276119865933108	-0	0.30552239731866215	0.30552239731866215	-0
471_msa2	471	msa2	4	0.22914179798899661	-0	0.30552239731866215	0.30552239731866215	-0
472_msa2	472	msa2	4	1.0603605494031532	1.043128396476993	1.0775927023293133	0.03446430585232019	-0
473_msa2	473	msa2	4	1.0689766258662332	1.043128396476993	1.0775927023293133	0.03446430585232019	-0
474_msa2	474	msa2	4	1.0689766258662332	1.043128396476993	1.0775927023293133	0.03446430585232019	-0
475_msa2	475	msa2	4	1.0689766258662332	1.043128396476993	1.0775927023293133	0.03446430585232019	-0
476_msa2	476	msa2	2	1.0775927023293133	1.0775927023293133	1.0775927023293133	0	-0
477_msa2	477	msa2	4	1.0775927023293133	1.0775927023293133	1.0775927023293133	0	-0
478_msa2	478	msa2	4	1.0775927023293133	1.0775927023293133	1.0775927023293133	0	1.043128396476993
479_msa2	479	msa2	3	1.09877067525105	1.0775927023293133	1.1411266210945232	0.06353391876520997	-0
480_msa2	480	msa2	4	1.1252431414032207	1.0775927023293133	1.1411266210945232	0.06353391876520997	-0
481_msa2	481	msa2	4	1.1093596617119181	1.0775927023293133	1.1411266210945232	0.06353391876520997	0.30552239731866215
482_msa2	482	msa2	4	0.49853997357132496	0.30552239731866215	1.0775927023293133	0.7720703050106511	-0
483_msa2	483	msa2	4	0.49853997357132496	0.30552239731866215	1.0775927023293133	0.7720703050106511	-0
484_msa2	484	msa2	4	0.49853997357132496	0.30552239731866215	1.0775927023293133	0.7720703050106511	-0
485_msa2	485	msa2	4	0.22914179798899661	-0	0.30552239731866215	0.30552239731866215	-0
486_msa2	486	msa2	4	0.41354329777857934	-0	1.043128396476993	1.043128396476993	-0
