codon	codon_patch	msa_subset_id	msa	block_entropy
8	1_msa1+2_msa1+3_msa1+4_msa1+5_msa1+6_msa1+7_msa1+8_msa1+9_msa1+10_msa1+11_msa1+12_msa1+13_msa1+14_msa1+15_msa1	8	msa1	3.75968807359707
9	2_msa1+3_msa1+4_msa1+5_msa1+6_msa1+7_msa1+8_msa1+9_msa1+10_msa1+11_msa1+12_msa1+13_msa1+14_msa1+15_msa1+16_msa1	9	msa1	3.4383055848150312
10	3_msa1+4_msa1+5_msa1+6_msa1+7_msa1+8_msa1+9_msa1+10_msa1+11_msa1+12_msa1+13_msa1+14_msa1+15_msa1+16_msa1+17_msa1	10	msa1	3.63259507662608
11	4_msa1+5_msa1+6_msa1+7_msa1+8_msa1+9_msa1+10_msa1+11_msa1+12_msa1+13_msa1+14_msa1+15_msa1+16_msa1+17_msa1+18_msa1	11	msa1	3.5719010922564243
12	5_msa1+6_msa1+7_msa1+8_msa1+9_msa1+10_msa1+11_msa1+12_msa1+13_msa1+14_msa1+15_msa1+16_msa1+17_msa1+18_msa1+19_msa1	12	msa1	4.119416194482675
13	6_msa1+7_msa1+8_msa1+9_msa1+10_msa1+11_msa1+12_msa1+13_msa1+14_msa1+15_msa1+16_msa1+17_msa1+18_msa1+19_msa1+20_msa1	13	msa1	4.119416194482675
14	7_msa1+8_msa1+9_msa1+10_msa1+11_msa1+12_msa1+13_msa1+14_msa1+15_msa1+16_msa1+17_msa1+18_msa1+19_msa1+20_msa1+21_msa1	14	msa1	3.3339317514258866
15	8_msa1+9_msa1+10_msa1+11_msa1+12_msa1+13_msa1+14_msa1+15_msa1+16_msa1+17_msa1+18_msa1+19_msa1+20_msa1+21_msa1+22_msa1	15	msa1	3.3339317514258866
16	9_msa1+10_msa1+11_msa1+12_msa1+13_msa1+14_msa1+15_msa1+16_msa1+17_msa1+18_msa1+19_msa1+20_msa1+21_msa1+22_msa1+23_msa1	16	msa1	3.4644773343697546
17	10_msa1+11_msa1+12_msa1+13_msa1+14_msa1+15_msa1+16_msa1+17_msa1+18_msa1+19_msa1+20_msa1+21_msa1+22_msa1+23_msa1+24_msa1	17	msa1	1.9103973927759557
18	11_msa1+12_msa1+13_msa1+14_msa1+15_msa1+16_msa1+17_msa1+18_msa1+19_msa1+20_msa1+21_msa1+22_msa1+23_msa1+24_msa1+25_msa1	18	msa1	2.5422398040977088
19	12_msa1+13_msa1+14_msa1+15_msa1+16_msa1+17_msa1+18_msa1+19_msa1+20_msa1+21_msa1+22_msa1+23_msa1+24_msa1+25_msa1+26_msa1	19	msa1	2.4969877504133584
20	13_msa1+14_msa1+15_msa1+16_msa1+17_msa1+18_msa1+19_msa1+20_msa1+21_msa1+22_msa1+23_msa1+24_msa1+25_msa1+26_msa1+27_msa1	20	msa1	2.4896076766126205
21	14_msa1+15_msa1+16_msa1+17_msa1+18_msa1+19_msa1+20_msa1+21_msa1+22_msa1+23_msa1+24_msa1+25_msa1+26_msa1+27_msa1+28_msa1	21	msa1	3.550162040173251
22	15_msa1+16_msa1+17_msa1+18_msa1+19_msa1+20_msa1+21_msa1+22_msa1+23_msa1+24_msa1+25_msa1+26_msa1+27_msa1+28_msa1+29_msa1	22	msa1	3.550162040173251
23	16_msa1+17_msa1+18_msa1+19_msa1+20_msa1+21_msa1+22_msa1+23_msa1+24_msa1+25_msa1+26_msa1+27_msa1+28_msa1+29_msa1+30_msa1	23	msa1	3.8072947418490153
24	17_msa1+18_msa1+19_msa1+20_msa1+21_msa1+22_msa1+23_msa1+24_msa1+25_msa1+26_msa1+27_msa1+28_msa1+29_msa1+30_msa1+31_msa1	24	msa1	3.817460378388364
25	18_msa1+19_msa1+20_msa1+21_msa1+22_msa1+23_msa1+24_msa1+25_msa1+26_msa1+27_msa1+28_msa1+29_msa1+30_msa1+31_msa1+32_msa1	25	msa1	4.45867895191355
26	19_msa1+20_msa1+21_msa1+22_msa1+23_msa1+24_msa1+25_msa1+26_msa1+27_msa1+28_msa1+29_msa1+30_msa1+31_msa1+32_msa1+33_msa1	26	msa1	4.45867895191355
27	20_msa1+21_msa1+22_msa1+23_msa1+24_msa1+25_msa1+26_msa1+27_msa1+28_msa1+29_msa1+30_msa1+31_msa1+32_msa1+33_msa1+34_msa1	27	msa1	3.738859569974471
28	21_msa1+22_msa1+23_msa1+24_msa1+25_msa1+26_msa1+27_msa1+28_msa1+29_msa1+30_msa1+31_msa1+32_msa1+33_msa1+34_msa1+35_msa1	28	msa1	3.738859569974471
29	22_msa1+23_msa1+24_msa1+25_msa1+26_msa1+27_msa1+28_msa1+29_msa1+30_msa1+31_msa1+32_msa1+33_msa1+34_msa1+35_msa1+36_msa1	29	msa1	3.7340562137727535
30	23_msa1+24_msa1+25_msa1+26_msa1+27_msa1+28_msa1+29_msa1+30_msa1+31_msa1+32_msa1+33_msa1+34_msa1+35_msa1+36_msa1+37_msa1	30	msa1	3.7340562137727535
31	24_msa1+25_msa1+26_msa1+27_msa1+28_msa1+29_msa1+30_msa1+31_msa1+32_msa1+33_msa1+34_msa1+35_msa1+36_msa1+37_msa1+38_msa1	31	msa1	3.6508252421843963
32	25_msa1+26_msa1+27_msa1+28_msa1+29_msa1+30_msa1+31_msa1+32_msa1+33_msa1+34_msa1+35_msa1+36_msa1+37_msa1+38_msa1+39_msa1	32	msa1	3.6508252421843963
33	26_msa1+27_msa1+28_msa1+29_msa1+30_msa1+31_msa1+32_msa1+33_msa1+34_msa1+35_msa1+36_msa1+37_msa1+38_msa1+39_msa1+40_msa1	33	msa1	3.4169294282470815
34	27_msa1+28_msa1+29_msa1+30_msa1+31_msa1+32_msa1+33_msa1+34_msa1+35_msa1+36_msa1+37_msa1+38_msa1+39_msa1+40_msa1+41_msa1	34	msa1	3.195747793139163
35	28_msa1+29_msa1+30_msa1+31_msa1+32_msa1+33_msa1+34_msa1+35_msa1+36_msa1+37_msa1+38_msa1+39_msa1+40_msa1+41_msa1+42_msa1	35	msa1	4.903273757027184
36	29_msa1+30_msa1+31_msa1+32_msa1+33_msa1+34_msa1+35_msa1+36_msa1+37_msa1+38_msa1+39_msa1+40_msa1+41_msa1+42_msa1+43_msa1	36	msa1	4.0775190987399315
37	30_msa1+31_msa1+32_msa1+33_msa1+34_msa1+35_msa1+36_msa1+37_msa1+38_msa1+39_msa1+40_msa1+41_msa1+42_msa1+43_msa1+44_msa1	37	msa1	4.9011131030389405
38	31_msa1+32_msa1+33_msa1+34_msa1+35_msa1+36_msa1+37_msa1+38_msa1+39_msa1+40_msa1+41_msa1+42_msa1+43_msa1+44_msa1+45_msa1	38	msa1	4.669361723176601
39	32_msa1+33_msa1+34_msa1+35_msa1+36_msa1+37_msa1+38_msa1+39_msa1+40_msa1+41_msa1+42_msa1+43_msa1+44_msa1+45_msa1+46_msa1	39	msa1	4.686972417629058
40	33_msa1+34_msa1+35_msa1+36_msa1+37_msa1+38_msa1+39_msa1+40_msa1+41_msa1+42_msa1+43_msa1+44_msa1+45_msa1+46_msa1+47_msa1	40	msa1	3.8939890123766063
41	34_msa1+35_msa1+36_msa1+37_msa1+38_msa1+39_msa1+40_msa1+41_msa1+42_msa1+43_msa1+44_msa1+45_msa1+46_msa1+47_msa1+48_msa1	41	msa1	3.8939890123766063
42	35_msa1+36_msa1+37_msa1+38_msa1+39_msa1+40_msa1+41_msa1+42_msa1+43_msa1+44_msa1+45_msa1+46_msa1+47_msa1+48_msa1+49_msa1	42	msa1	4.147368489842326
43	36_msa1+37_msa1+38_msa1+39_msa1+40_msa1+41_msa1+42_msa1+43_msa1+44_msa1+45_msa1+46_msa1+47_msa1+48_msa1+49_msa1+50_msa1	43	msa1	4.188309678438431
44	37_msa1+38_msa1+39_msa1+40_msa1+41_msa1+42_msa1+43_msa1+44_msa1+45_msa1+46_msa1+47_msa1+48_msa1+49_msa1+50_msa1+51_msa1	44	msa1	4.206760886031862
45	38_msa1+39_msa1+40_msa1+41_msa1+42_msa1+43_msa1+44_msa1+45_msa1+46_msa1+47_msa1+48_msa1+49_msa1+50_msa1+51_msa1+52_msa1	45	msa1	4.2742919480140165
46	39_msa1+40_msa1+41_msa1+42_msa1+43_msa1+44_msa1+45_msa1+46_msa1+47_msa1+48_msa1+49_msa1+50_msa1+51_msa1+52_msa1+53_msa1	46	msa1	4.299794195302353
47	40_msa1+41_msa1+42_msa1+43_msa1+44_msa1+45_msa1+46_msa1+47_msa1+48_msa1+49_msa1+50_msa1+51_msa1+52_msa1+53_msa1+54_msa1	47	msa1	4.299794195302353
48	41_msa1+42_msa1+43_msa1+44_msa1+45_msa1+46_msa1+47_msa1+48_msa1+49_msa1+50_msa1+51_msa1+52_msa1+53_msa1+54_msa1+55_msa1	48	msa1	4.114302828450299
49	42_msa1+43_msa1+44_msa1+45_msa1+46_msa1+47_msa1+48_msa1+49_msa1+50_msa1+51_msa1+52_msa1+53_msa1+54_msa1+55_msa1+56_msa1	49	msa1	4.037647902306897
50	43_msa1+44_msa1+45_msa1+46_msa1+47_msa1+48_msa1+49_msa1+50_msa1+51_msa1+52_msa1+53_msa1+54_msa1+55_msa1+56_msa1+57_msa1	50	msa1	2.3950847954993266
51	44_msa1+45_msa1+46_msa1+47_msa1+48_msa1+49_msa1+50_msa1+51_msa1+52_msa1+53_msa1+54_msa1+55_msa1+56_msa1+57_msa1+58_msa1	51	msa1	2.264639706708619
52	45_msa1+46_msa1+47_msa1+48_msa1+49_msa1+50_msa1+51_msa1+52_msa1+53_msa1+54_msa1+55_msa1+56_msa1+57_msa1+58_msa1+59_msa1	52	msa1	1.1701280568853787
53	46_msa1+47_msa1+48_msa1+49_msa1+50_msa1+51_msa1+52_msa1+53_msa1+54_msa1+55_msa1+56_msa1+57_msa1+58_msa1+59_msa1+60_msa1	53	msa1	2.7283252416688746
54	47_msa1+48_msa1+49_msa1+50_msa1+51_msa1+52_msa1+53_msa1+54_msa1+55_msa1+56_msa1+57_msa1+58_msa1+59_msa1+60_msa1+61_msa1	54	msa1	2.889685557850608
55	48_msa1+49_msa1+50_msa1+51_msa1+52_msa1+53_msa1+54_msa1+55_msa1+56_msa1+57_msa1+58_msa1+59_msa1+60_msa1+61_msa1+62_msa1	55	msa1	3.6281541852539934
56	49_msa1+50_msa1+51_msa1+52_msa1+53_msa1+54_msa1+55_msa1+56_msa1+57_msa1+58_msa1+59_msa1+60_msa1+61_msa1+62_msa1+63_msa1	56	msa1	3.640128770116859
57	50_msa1+51_msa1+52_msa1+53_msa1+54_msa1+55_msa1+56_msa1+57_msa1+58_msa1+59_msa1+60_msa1+61_msa1+62_msa1+63_msa1+64_msa1	57	msa1	3.4335056242774993
58	51_msa1+52_msa1+53_msa1+54_msa1+55_msa1+56_msa1+57_msa1+58_msa1+59_msa1+60_msa1+61_msa1+62_msa1+63_msa1+64_msa1+65_msa1	58	msa1	3.9935058332959046
59	52_msa1+53_msa1+54_msa1+55_msa1+56_msa1+57_msa1+58_msa1+59_msa1+60_msa1+61_msa1+62_msa1+63_msa1+64_msa1+65_msa1+66_msa1	59	msa1	4.363125848388048
60	53_msa1+54_msa1+55_msa1+56_msa1+57_msa1+58_msa1+59_msa1+60_msa1+61_msa1+62_msa1+63_msa1+64_msa1+65_msa1+66_msa1+67_msa1	60	msa1	4.457536283570123
61	54_msa1+55_msa1+56_msa1+57_msa1+58_msa1+59_msa1+60_msa1+61_msa1+62_msa1+63_msa1+64_msa1+65_msa1+66_msa1+67_msa1+68_msa1	61	msa1	4.426514659099164
62	55_msa1+56_msa1+57_msa1+58_msa1+59_msa1+60_msa1+61_msa1+62_msa1+63_msa1+64_msa1+65_msa1+66_msa1+67_msa1+68_msa1+69_msa1	62	msa1	4.621019133093295
63	56_msa1+57_msa1+58_msa1+59_msa1+60_msa1+61_msa1+62_msa1+63_msa1+64_msa1+65_msa1+66_msa1+67_msa1+68_msa1+69_msa1+70_msa1	63	msa1	4.613639059292558
64	57_msa1+58_msa1+59_msa1+60_msa1+61_msa1+62_msa1+63_msa1+64_msa1+65_msa1+66_msa1+67_msa1+68_msa1+69_msa1+70_msa1+71_msa1	64	msa1	4.623804695831906
65	58_msa1+59_msa1+60_msa1+61_msa1+62_msa1+63_msa1+64_msa1+65_msa1+66_msa1+67_msa1+68_msa1+69_msa1+70_msa1+71_msa1+72_msa1	65	msa1	4.605480702460527
66	59_msa1+60_msa1+61_msa1+62_msa1+63_msa1+64_msa1+65_msa1+66_msa1+67_msa1+68_msa1+69_msa1+70_msa1+71_msa1+72_msa1+73_msa1	66	msa1	4.558360240304103
67	60_msa1+61_msa1+62_msa1+63_msa1+64_msa1+65_msa1+66_msa1+67_msa1+68_msa1+69_msa1+70_msa1+71_msa1+72_msa1+73_msa1+74_msa1	67	msa1	4.517700774840995
68	61_msa1+62_msa1+63_msa1+64_msa1+65_msa1+66_msa1+67_msa1+68_msa1+69_msa1+70_msa1+71_msa1+72_msa1+73_msa1+74_msa1+75_msa1	68	msa1	3.2643408232724043
69	62_msa1+63_msa1+64_msa1+65_msa1+66_msa1+67_msa1+68_msa1+69_msa1+70_msa1+71_msa1+72_msa1+73_msa1+74_msa1+75_msa1+76_msa1	69	msa1	3.0837356068893023
70	63_msa1+64_msa1+65_msa1+66_msa1+67_msa1+68_msa1+69_msa1+70_msa1+71_msa1+72_msa1+73_msa1+74_msa1+75_msa1+76_msa1+77_msa1	70	msa1	2.922258324662
71	64_msa1+65_msa1+66_msa1+67_msa1+68_msa1+69_msa1+70_msa1+71_msa1+72_msa1+73_msa1+74_msa1+75_msa1+76_msa1+77_msa1+78_msa1	71	msa1	2.9102837397991346
72	65_msa1+66_msa1+67_msa1+68_msa1+69_msa1+70_msa1+71_msa1+72_msa1+73_msa1+74_msa1+75_msa1+76_msa1+77_msa1+78_msa1+79_msa1	72	msa1	3.172044849285381
73	66_msa1+67_msa1+68_msa1+69_msa1+70_msa1+71_msa1+72_msa1+73_msa1+74_msa1+75_msa1+76_msa1+77_msa1+78_msa1+79_msa1+80_msa1	73	msa1	2.828186679161402
74	67_msa1+68_msa1+69_msa1+70_msa1+71_msa1+72_msa1+73_msa1+74_msa1+75_msa1+76_msa1+77_msa1+78_msa1+79_msa1+80_msa1+81_msa1	74	msa1	2.369974379059482
75	68_msa1+69_msa1+70_msa1+71_msa1+72_msa1+73_msa1+74_msa1+75_msa1+76_msa1+77_msa1+78_msa1+79_msa1+80_msa1+81_msa1+82_msa1	75	msa1	2.1634870084599456
76	69_msa1+70_msa1+71_msa1+72_msa1+73_msa1+74_msa1+75_msa1+76_msa1+77_msa1+78_msa1+79_msa1+80_msa1+81_msa1+82_msa1+83_msa1	76	msa1	2.485884008486178
77	70_msa1+71_msa1+72_msa1+73_msa1+74_msa1+75_msa1+76_msa1+77_msa1+78_msa1+79_msa1+80_msa1+81_msa1+82_msa1+83_msa1+84_msa1	77	msa1	2.2526209537886683
78	71_msa1+72_msa1+73_msa1+74_msa1+75_msa1+76_msa1+77_msa1+78_msa1+79_msa1+80_msa1+81_msa1+82_msa1+83_msa1+84_msa1+85_msa1	78	msa1	2.2526209537886683
79	72_msa1+73_msa1+74_msa1+75_msa1+76_msa1+77_msa1+78_msa1+79_msa1+80_msa1+81_msa1+82_msa1+83_msa1+84_msa1+85_msa1+86_msa1	79	msa1	2.1784505012438773
80	73_msa1+74_msa1+75_msa1+76_msa1+77_msa1+78_msa1+79_msa1+80_msa1+81_msa1+82_msa1+83_msa1+84_msa1+85_msa1+86_msa1+87_msa1	80	msa1	2.1784505012438773
81	74_msa1+75_msa1+76_msa1+77_msa1+78_msa1+79_msa1+80_msa1+81_msa1+82_msa1+83_msa1+84_msa1+85_msa1+86_msa1+87_msa1+88_msa1	81	msa1	2.1239292535728356
82	75_msa1+76_msa1+77_msa1+78_msa1+79_msa1+80_msa1+81_msa1+82_msa1+83_msa1+84_msa1+85_msa1+86_msa1+87_msa1+88_msa1+89_msa1	82	msa1	2.146059050724114
83	76_msa1+77_msa1+78_msa1+79_msa1+80_msa1+81_msa1+82_msa1+83_msa1+84_msa1+85_msa1+86_msa1+87_msa1+88_msa1+89_msa1+90_msa1	83	msa1	2.146059050724114
84	77_msa1+78_msa1+79_msa1+80_msa1+81_msa1+82_msa1+83_msa1+84_msa1+85_msa1+86_msa1+87_msa1+88_msa1+89_msa1+90_msa1+91_msa1	84	msa1	2.146059050724114
85	78_msa1+79_msa1+80_msa1+81_msa1+82_msa1+83_msa1+84_msa1+85_msa1+86_msa1+87_msa1+88_msa1+89_msa1+90_msa1+91_msa1+92_msa1	85	msa1	1.4930858610375943
86	79_msa1+80_msa1+81_msa1+82_msa1+83_msa1+84_msa1+85_msa1+86_msa1+87_msa1+88_msa1+89_msa1+90_msa1+91_msa1+92_msa1+93_msa1	86	msa1	1.676246004215297
87	80_msa1+81_msa1+82_msa1+83_msa1+84_msa1+85_msa1+86_msa1+87_msa1+88_msa1+89_msa1+90_msa1+91_msa1+92_msa1+93_msa1+94_msa1	87	msa1	1.6293705281924133
88	81_msa1+82_msa1+83_msa1+84_msa1+85_msa1+86_msa1+87_msa1+88_msa1+89_msa1+90_msa1+91_msa1+92_msa1+93_msa1+94_msa1+95_msa1	88	msa1	1.1853891345345453
89	82_msa1+83_msa1+84_msa1+85_msa1+86_msa1+87_msa1+88_msa1+89_msa1+90_msa1+91_msa1+92_msa1+93_msa1+94_msa1+95_msa1+96_msa1	89	msa1	1.477564751342944
90	83_msa1+84_msa1+85_msa1+86_msa1+87_msa1+88_msa1+89_msa1+90_msa1+91_msa1+92_msa1+93_msa1+94_msa1+95_msa1+96_msa1+97_msa1	90	msa1	1.6355044324523875
91	84_msa1+85_msa1+86_msa1+87_msa1+88_msa1+89_msa1+90_msa1+91_msa1+92_msa1+93_msa1+94_msa1+95_msa1+96_msa1+97_msa1+98_msa1	91	msa1	1.3215926417438701
92	85_msa1+86_msa1+87_msa1+88_msa1+89_msa1+90_msa1+91_msa1+92_msa1+93_msa1+94_msa1+95_msa1+96_msa1+97_msa1+98_msa1+99_msa1	92	msa1	1.3266548443278279
93	86_msa1+87_msa1+88_msa1+89_msa1+90_msa1+91_msa1+92_msa1+93_msa1+94_msa1+95_msa1+96_msa1+97_msa1+98_msa1+99_msa1+100_msa1	93	msa1	1.394278473230583
94	87_msa1+88_msa1+89_msa1+90_msa1+91_msa1+92_msa1+93_msa1+94_msa1+95_msa1+96_msa1+97_msa1+98_msa1+99_msa1+100_msa1+101_msa1	94	msa1	1.6804642191079828
95	88_msa1+89_msa1+90_msa1+91_msa1+92_msa1+93_msa1+94_msa1+95_msa1+96_msa1+97_msa1+98_msa1+99_msa1+100_msa1+101_msa1+102_msa1	95	msa1	1.989057244126298
96	89_msa1+90_msa1+91_msa1+92_msa1+93_msa1+94_msa1+95_msa1+96_msa1+97_msa1+98_msa1+99_msa1+100_msa1+101_msa1+102_msa1+103_msa1	96	msa1	2.0223377075814617
97	90_msa1+91_msa1+92_msa1+93_msa1+94_msa1+95_msa1+96_msa1+97_msa1+98_msa1+99_msa1+100_msa1+101_msa1+102_msa1+103_msa1+104_msa1	97	msa1	1.989057244126298
98	91_msa1+92_msa1+93_msa1+94_msa1+95_msa1+96_msa1+97_msa1+98_msa1+99_msa1+100_msa1+101_msa1+102_msa1+103_msa1+104_msa1+105_msa1	98	msa1	1.989057244126298
99	92_msa1+93_msa1+94_msa1+95_msa1+96_msa1+97_msa1+98_msa1+99_msa1+100_msa1+101_msa1+102_msa1+103_msa1+104_msa1+105_msa1+106_msa1	99	msa1	2.617484769770496
100	93_msa1+94_msa1+95_msa1+96_msa1+97_msa1+98_msa1+99_msa1+100_msa1+101_msa1+102_msa1+103_msa1+104_msa1+105_msa1+106_msa1+107_msa1	100	msa1	3.115634849864407
101	94_msa1+95_msa1+96_msa1+97_msa1+98_msa1+99_msa1+100_msa1+101_msa1+102_msa1+103_msa1+104_msa1+105_msa1+106_msa1+107_msa1+108_msa1	101	msa1	3.8462366291462224
102	95_msa1+96_msa1+97_msa1+98_msa1+99_msa1+100_msa1+101_msa1+102_msa1+103_msa1+104_msa1+105_msa1+106_msa1+107_msa1+108_msa1+109_msa1	102	msa1	3.5902568089967577
103	96_msa1+97_msa1+98_msa1+99_msa1+100_msa1+101_msa1+102_msa1+103_msa1+104_msa1+105_msa1+106_msa1+107_msa1+108_msa1+109_msa1+110_msa1	103	msa1	3.9596493082044506
104	97_msa1+98_msa1+99_msa1+100_msa1+101_msa1+102_msa1+103_msa1+104_msa1+105_msa1+106_msa1+107_msa1+108_msa1+109_msa1+110_msa1+111_msa1	104	msa1	3.7433938734016357
105	98_msa1+99_msa1+100_msa1+101_msa1+102_msa1+103_msa1+104_msa1+105_msa1+106_msa1+107_msa1+108_msa1+109_msa1+110_msa1+111_msa1+112_msa1	105	msa1	3.8295791794245724
106	99_msa1+100_msa1+101_msa1+102_msa1+103_msa1+104_msa1+105_msa1+106_msa1+107_msa1+108_msa1+109_msa1+110_msa1+111_msa1+112_msa1+113_msa1	106	msa1	3.860628016244604
107	100_msa1+101_msa1+102_msa1+103_msa1+104_msa1+105_msa1+106_msa1+107_msa1+108_msa1+109_msa1+110_msa1+111_msa1+112_msa1+113_msa1+114_msa1	107	msa1	3.860628016244604
108	101_msa1+102_msa1+103_msa1+104_msa1+105_msa1+106_msa1+107_msa1+108_msa1+109_msa1+110_msa1+111_msa1+112_msa1+113_msa1+114_msa1+115_msa1	108	msa1	3.824151442386584
109	102_msa1+103_msa1+104_msa1+105_msa1+106_msa1+107_msa1+108_msa1+109_msa1+110_msa1+111_msa1+112_msa1+113_msa1+114_msa1+115_msa1+116_msa1	109	msa1	3.6271404497494184
110	103_msa1+104_msa1+105_msa1+106_msa1+107_msa1+108_msa1+109_msa1+110_msa1+111_msa1+112_msa1+113_msa1+114_msa1+115_msa1+116_msa1+117_msa1	110	msa1	3.7521686165554424
111	104_msa1+105_msa1+106_msa1+107_msa1+108_msa1+109_msa1+110_msa1+111_msa1+112_msa1+113_msa1+114_msa1+115_msa1+116_msa1+117_msa1+118_msa1	111	msa1	3.7521686165554424
112	105_msa1+106_msa1+107_msa1+108_msa1+109_msa1+110_msa1+111_msa1+112_msa1+113_msa1+114_msa1+115_msa1+116_msa1+117_msa1+118_msa1+119_msa1	112	msa1	3.9645677918344466
113	106_msa1+107_msa1+108_msa1+109_msa1+110_msa1+111_msa1+112_msa1+113_msa1+114_msa1+115_msa1+116_msa1+117_msa1+118_msa1+119_msa1+120_msa1	113	msa1	3.9645677918344466
114	107_msa1+108_msa1+109_msa1+110_msa1+111_msa1+112_msa1+113_msa1+114_msa1+115_msa1+116_msa1+117_msa1+118_msa1+119_msa1+120_msa1+121_msa1	114	msa1	3.5926298312920064
115	108_msa1+109_msa1+110_msa1+111_msa1+112_msa1+113_msa1+114_msa1+115_msa1+116_msa1+117_msa1+118_msa1+119_msa1+120_msa1+121_msa1+122_msa1	115	msa1	3.7162371648312464
116	109_msa1+110_msa1+111_msa1+112_msa1+113_msa1+114_msa1+115_msa1+116_msa1+117_msa1+118_msa1+119_msa1+120_msa1+121_msa1+122_msa1+123_msa1	116	msa1	3.6601500692036892
117	110_msa1+111_msa1+112_msa1+113_msa1+114_msa1+115_msa1+116_msa1+117_msa1+118_msa1+119_msa1+120_msa1+121_msa1+122_msa1+123_msa1+124_msa1	117	msa1	3.6094170446733496
118	111_msa1+112_msa1+113_msa1+114_msa1+115_msa1+116_msa1+117_msa1+118_msa1+119_msa1+120_msa1+121_msa1+122_msa1+123_msa1+124_msa1+125_msa1	118	msa1	3.108383165523326
119	112_msa1+113_msa1+114_msa1+115_msa1+116_msa1+117_msa1+118_msa1+119_msa1+120_msa1+121_msa1+122_msa1+123_msa1+124_msa1+125_msa1+126_msa1	119	msa1	3.1606817267000826
120	113_msa1+114_msa1+115_msa1+116_msa1+117_msa1+118_msa1+119_msa1+120_msa1+121_msa1+122_msa1+123_msa1+124_msa1+125_msa1+126_msa1+127_msa1	120	msa1	2.803178117770635
121	114_msa1+115_msa1+116_msa1+117_msa1+118_msa1+119_msa1+120_msa1+121_msa1+122_msa1+123_msa1+124_msa1+125_msa1+126_msa1+127_msa1+128_msa1	121	msa1	2.772045111202609
