codon	codon_patch	msa_subset_id	msa	block_entropy
38	31_msa2+32_msa2+33_msa2+34_msa2+35_msa2+36_msa2+37_msa2+38_msa2+39_msa2+40_msa2+41_msa2+42_msa2+43_msa2+44_msa2+45_msa2	38	msa2	1.954187325967407
39	32_msa2+33_msa2+34_msa2+35_msa2+36_msa2+37_msa2+38_msa2+39_msa2+40_msa2+41_msa2+42_msa2+43_msa2+44_msa2+45_msa2+46_msa2	39	msa2	0.9887816936657935
40	33_msa2+34_msa2+35_msa2+36_msa2+37_msa2+38_msa2+39_msa2+40_msa2+41_msa2+42_msa2+43_msa2+44_msa2+45_msa2+46_msa2+47_msa2	40	msa2	0.9053090249768431
41	34_msa2+35_msa2+36_msa2+37_msa2+38_msa2+39_msa2+40_msa2+41_msa2+42_msa2+43_msa2+44_msa2+45_msa2+46_msa2+47_msa2+48_msa2	41	msa2	0.686799656353588
42	35_msa2+36_msa2+37_msa2+38_msa2+39_msa2+40_msa2+41_msa2+42_msa2+43_msa2+44_msa2+45_msa2+46_msa2+47_msa2+48_msa2+49_msa2	42	msa2	0.9872063884727602
43	36_msa2+37_msa2+38_msa2+39_msa2+40_msa2+41_msa2+42_msa2+43_msa2+44_msa2+45_msa2+46_msa2+47_msa2+48_msa2+49_msa2+50_msa2	43	msa2	1.2554956757826605
44	37_msa2+38_msa2+39_msa2+40_msa2+41_msa2+42_msa2+43_msa2+44_msa2+45_msa2+46_msa2+47_msa2+48_msa2+49_msa2+50_msa2+51_msa2	44	msa2	2.935530218042734
45	38_msa2+39_msa2+40_msa2+41_msa2+42_msa2+43_msa2+44_msa2+45_msa2+46_msa2+47_msa2+48_msa2+49_msa2+50_msa2+51_msa2+52_msa2	45	msa2	2.995951838402088
46	39_msa2+40_msa2+41_msa2+42_msa2+43_msa2+44_msa2+45_msa2+46_msa2+47_msa2+48_msa2+49_msa2+50_msa2+51_msa2+52_msa2+53_msa2	46	msa2	2.995951838402088
47	40_msa2+41_msa2+42_msa2+43_msa2+44_msa2+45_msa2+46_msa2+47_msa2+48_msa2+49_msa2+50_msa2+51_msa2+52_msa2+53_msa2+54_msa2	47	msa2	3.060841461769618
48	41_msa2+42_msa2+43_msa2+44_msa2+45_msa2+46_msa2+47_msa2+48_msa2+49_msa2+50_msa2+51_msa2+52_msa2+53_msa2+54_msa2+55_msa2	48	msa2	3.9191060247009806
49	42_msa2+43_msa2+44_msa2+45_msa2+46_msa2+47_msa2+48_msa2+49_msa2+50_msa2+51_msa2+52_msa2+53_msa2+54_msa2+55_msa2+56_msa2	49	msa2	3.9472668324827533
50	43_msa2+44_msa2+45_msa2+46_msa2+47_msa2+48_msa2+49_msa2+50_msa2+51_msa2+52_msa2+53_msa2+54_msa2+55_msa2+56_msa2+57_msa2	50	msa2	4.016277770120769
51	44_msa2+45_msa2+46_msa2+47_msa2+48_msa2+49_msa2+50_msa2+51_msa2+52_msa2+53_msa2+54_msa2+55_msa2+56_msa2+57_msa2+58_msa2	51	msa2	4.016277770120769
52	45_msa2+46_msa2+47_msa2+48_msa2+49_msa2+50_msa2+51_msa2+52_msa2+53_msa2+54_msa2+55_msa2+56_msa2+57_msa2+58_msa2+59_msa2	52	msa2	4.1070305132655
53	46_msa2+47_msa2+48_msa2+49_msa2+50_msa2+51_msa2+52_msa2+53_msa2+54_msa2+55_msa2+56_msa2+57_msa2+58_msa2+59_msa2+60_msa2	53	msa2	4.102837928544041
54	47_msa2+48_msa2+49_msa2+50_msa2+51_msa2+52_msa2+53_msa2+54_msa2+55_msa2+56_msa2+57_msa2+58_msa2+59_msa2+60_msa2+61_msa2	54	msa2	5.159554159578199
55	48_msa2+49_msa2+50_msa2+51_msa2+52_msa2+53_msa2+54_msa2+55_msa2+56_msa2+57_msa2+58_msa2+59_msa2+60_msa2+61_msa2+62_msa2	55	msa2	5.809291161891933
56	49_msa2+50_msa2+51_msa2+52_msa2+53_msa2+54_msa2+55_msa2+56_msa2+57_msa2+58_msa2+59_msa2+60_msa2+61_msa2+62_msa2+63_msa2	56	msa2	6.4882088562166595
57	50_msa2+51_msa2+52_msa2+53_msa2+54_msa2+55_msa2+56_msa2+57_msa2+58_msa2+59_msa2+60_msa2+61_msa2+62_msa2+63_msa2+64_msa2	57	msa2	6.439725607969493
58	51_msa2+52_msa2+53_msa2+54_msa2+55_msa2+56_msa2+57_msa2+58_msa2+59_msa2+60_msa2+61_msa2+62_msa2+63_msa2+64_msa2+65_msa2	58	msa2	6.371708837685787
59	52_msa2+53_msa2+54_msa2+55_msa2+56_msa2+57_msa2+58_msa2+59_msa2+60_msa2+61_msa2+62_msa2+63_msa2+64_msa2+65_msa2+66_msa2	59	msa2	5.995880230093319
60	53_msa2+54_msa2+55_msa2+56_msa2+57_msa2+58_msa2+59_msa2+60_msa2+61_msa2+62_msa2+63_msa2+64_msa2+65_msa2+66_msa2+67_msa2	60	msa2	6.054947800487638
61	54_msa2+55_msa2+56_msa2+57_msa2+58_msa2+59_msa2+60_msa2+61_msa2+62_msa2+63_msa2+64_msa2+65_msa2+66_msa2+67_msa2+68_msa2	61	msa2	6.054947800487638
62	55_msa2+56_msa2+57_msa2+58_msa2+59_msa2+60_msa2+61_msa2+62_msa2+63_msa2+64_msa2+65_msa2+66_msa2+67_msa2+68_msa2+69_msa2	62	msa2	5.93591720752582
63	56_msa2+57_msa2+58_msa2+59_msa2+60_msa2+61_msa2+62_msa2+63_msa2+64_msa2+65_msa2+66_msa2+67_msa2+68_msa2+69_msa2+70_msa2	63	msa2	5.784278941116932
64	57_msa2+58_msa2+59_msa2+60_msa2+61_msa2+62_msa2+63_msa2+64_msa2+65_msa2+66_msa2+67_msa2+68_msa2+69_msa2+70_msa2+71_msa2	64	msa2	5.8921727753542195
65	58_msa2+59_msa2+60_msa2+61_msa2+62_msa2+63_msa2+64_msa2+65_msa2+66_msa2+67_msa2+68_msa2+69_msa2+70_msa2+71_msa2+72_msa2	65	msa2	5.842082320568925
66	59_msa2+60_msa2+61_msa2+62_msa2+63_msa2+64_msa2+65_msa2+66_msa2+67_msa2+68_msa2+69_msa2+70_msa2+71_msa2+72_msa2+73_msa2	66	msa2	6.129082461203972
67	60_msa2+61_msa2+62_msa2+63_msa2+64_msa2+65_msa2+66_msa2+67_msa2+68_msa2+69_msa2+70_msa2+71_msa2+72_msa2+73_msa2+74_msa2	67	msa2	6.177982631319482
68	61_msa2+62_msa2+63_msa2+64_msa2+65_msa2+66_msa2+67_msa2+68_msa2+69_msa2+70_msa2+71_msa2+72_msa2+73_msa2+74_msa2+75_msa2	68	msa2	6.271439771113513
69	62_msa2+63_msa2+64_msa2+65_msa2+66_msa2+67_msa2+68_msa2+69_msa2+70_msa2+71_msa2+72_msa2+73_msa2+74_msa2+75_msa2+76_msa2	69	msa2	5.419438327856089
70	63_msa2+64_msa2+65_msa2+66_msa2+67_msa2+68_msa2+69_msa2+70_msa2+71_msa2+72_msa2+73_msa2+74_msa2+75_msa2+76_msa2+77_msa2	70	msa2	5.0160619992616
71	64_msa2+65_msa2+66_msa2+67_msa2+68_msa2+69_msa2+70_msa2+71_msa2+72_msa2+73_msa2+74_msa2+75_msa2+76_msa2+77_msa2+78_msa2	71	msa2	4.698683896123854
72	65_msa2+66_msa2+67_msa2+68_msa2+69_msa2+70_msa2+71_msa2+72_msa2+73_msa2+74_msa2+75_msa2+76_msa2+77_msa2+78_msa2+79_msa2	72	msa2	4.7664918942061005
73	66_msa2+67_msa2+68_msa2+69_msa2+70_msa2+71_msa2+72_msa2+73_msa2+74_msa2+75_msa2+76_msa2+77_msa2+78_msa2+79_msa2+80_msa2	73	msa2	5.379677515590423
74	67_msa2+68_msa2+69_msa2+70_msa2+71_msa2+72_msa2+73_msa2+74_msa2+75_msa2+76_msa2+77_msa2+78_msa2+79_msa2+80_msa2+81_msa2	74	msa2	5.877762784773229
75	68_msa2+69_msa2+70_msa2+71_msa2+72_msa2+73_msa2+74_msa2+75_msa2+76_msa2+77_msa2+78_msa2+79_msa2+80_msa2+81_msa2+82_msa2	75	msa2	5.837055911313378
76	69_msa2+70_msa2+71_msa2+72_msa2+73_msa2+74_msa2+75_msa2+76_msa2+77_msa2+78_msa2+79_msa2+80_msa2+81_msa2+82_msa2+83_msa2	76	msa2	6.399300203638006
77	70_msa2+71_msa2+72_msa2+73_msa2+74_msa2+75_msa2+76_msa2+77_msa2+78_msa2+79_msa2+80_msa2+81_msa2+82_msa2+83_msa2+84_msa2	77	msa2	6.399300203638006
78	71_msa2+72_msa2+73_msa2+74_msa2+75_msa2+76_msa2+77_msa2+78_msa2+79_msa2+80_msa2+81_msa2+82_msa2+83_msa2+84_msa2+85_msa2	78	msa2	6.23129302233892
79	72_msa2+73_msa2+74_msa2+75_msa2+76_msa2+77_msa2+78_msa2+79_msa2+80_msa2+81_msa2+82_msa2+83_msa2+84_msa2+85_msa2+86_msa2	79	msa2	6.115953085297126
80	73_msa2+74_msa2+75_msa2+76_msa2+77_msa2+78_msa2+79_msa2+80_msa2+81_msa2+82_msa2+83_msa2+84_msa2+85_msa2+86_msa2+87_msa2	80	msa2	6.135584159464982
81	74_msa2+75_msa2+76_msa2+77_msa2+78_msa2+79_msa2+80_msa2+81_msa2+82_msa2+83_msa2+84_msa2+85_msa2+86_msa2+87_msa2+88_msa2	81	msa2	5.876911551363911
82	75_msa2+76_msa2+77_msa2+78_msa2+79_msa2+80_msa2+81_msa2+82_msa2+83_msa2+84_msa2+85_msa2+86_msa2+87_msa2+88_msa2+89_msa2	82	msa2	5.869517530732648
83	76_msa2+77_msa2+78_msa2+79_msa2+80_msa2+81_msa2+82_msa2+83_msa2+84_msa2+85_msa2+86_msa2+87_msa2+88_msa2+89_msa2+90_msa2	83	msa2	5.783026815573984
84	77_msa2+78_msa2+79_msa2+80_msa2+81_msa2+82_msa2+83_msa2+84_msa2+85_msa2+86_msa2+87_msa2+88_msa2+89_msa2+90_msa2+91_msa2	84	msa2	6.0457170823443125
85	78_msa2+79_msa2+80_msa2+81_msa2+82_msa2+83_msa2+84_msa2+85_msa2+86_msa2+87_msa2+88_msa2+89_msa2+90_msa2+91_msa2+92_msa2	85	msa2	6.53885760200777
86	79_msa2+80_msa2+81_msa2+82_msa2+83_msa2+84_msa2+85_msa2+86_msa2+87_msa2+88_msa2+89_msa2+90_msa2+91_msa2+92_msa2+93_msa2	86	msa2	6.653161639119444
87	80_msa2+81_msa2+82_msa2+83_msa2+84_msa2+85_msa2+86_msa2+87_msa2+88_msa2+89_msa2+90_msa2+91_msa2+92_msa2+93_msa2+94_msa2	87	msa2	7.063169817303125
88	81_msa2+82_msa2+83_msa2+84_msa2+85_msa2+86_msa2+87_msa2+88_msa2+89_msa2+90_msa2+91_msa2+92_msa2+93_msa2+94_msa2+95_msa2	88	msa2	7.562417927586777
89	82_msa2+83_msa2+84_msa2+85_msa2+86_msa2+87_msa2+88_msa2+89_msa2+90_msa2+91_msa2+92_msa2+93_msa2+94_msa2+95_msa2+96_msa2	89	msa2	7.623026710203128
90	83_msa2+84_msa2+85_msa2+86_msa2+87_msa2+88_msa2+89_msa2+90_msa2+91_msa2+92_msa2+93_msa2+94_msa2+95_msa2+96_msa2+97_msa2	90	msa2	7.67210949279744
91	84_msa2+85_msa2+86_msa2+87_msa2+88_msa2+89_msa2+90_msa2+91_msa2+92_msa2+93_msa2+94_msa2+95_msa2+96_msa2+97_msa2+98_msa2	91	msa2	7.541709598749867
92	85_msa2+86_msa2+87_msa2+88_msa2+89_msa2+90_msa2+91_msa2+92_msa2+93_msa2+94_msa2+95_msa2+96_msa2+97_msa2+98_msa2+99_msa2	92	msa2	7.541709598749867
93	86_msa2+87_msa2+88_msa2+89_msa2+90_msa2+91_msa2+92_msa2+93_msa2+94_msa2+95_msa2+96_msa2+97_msa2+98_msa2+99_msa2+100_msa2	93	msa2	7.541709598749867
94	87_msa2+88_msa2+89_msa2+90_msa2+91_msa2+92_msa2+93_msa2+94_msa2+95_msa2+96_msa2+97_msa2+98_msa2+99_msa2+100_msa2+101_msa2	94	msa2	7.531468381269705
95	88_msa2+89_msa2+90_msa2+91_msa2+92_msa2+93_msa2+94_msa2+95_msa2+96_msa2+97_msa2+98_msa2+99_msa2+100_msa2+101_msa2+102_msa2	95	msa2	7.531468381269705
96	89_msa2+90_msa2+91_msa2+92_msa2+93_msa2+94_msa2+95_msa2+96_msa2+97_msa2+98_msa2+99_msa2+100_msa2+101_msa2+102_msa2+103_msa2	96	msa2	7.502567126582652
97	90_msa2+91_msa2+92_msa2+93_msa2+94_msa2+95_msa2+96_msa2+97_msa2+98_msa2+99_msa2+100_msa2+101_msa2+102_msa2+103_msa2+104_msa2	97	msa2	7.488068485207595
98	91_msa2+92_msa2+93_msa2+94_msa2+95_msa2+96_msa2+97_msa2+98_msa2+99_msa2+100_msa2+101_msa2+102_msa2+103_msa2+104_msa2+105_msa2	98	msa2	7.45734483276711
99	92_msa2+93_msa2+94_msa2+95_msa2+96_msa2+97_msa2+98_msa2+99_msa2+100_msa2+101_msa2+102_msa2+103_msa2+104_msa2+105_msa2+106_msa2	99	msa2	7.4242719816435425
100	93_msa2+94_msa2+95_msa2+96_msa2+97_msa2+98_msa2+99_msa2+100_msa2+101_msa2+102_msa2+103_msa2+104_msa2+105_msa2+106_msa2+107_msa2	100	msa2	7.188503158746662
101	94_msa2+95_msa2+96_msa2+97_msa2+98_msa2+99_msa2+100_msa2+101_msa2+102_msa2+103_msa2+104_msa2+105_msa2+106_msa2+107_msa2+108_msa2	101	msa2	6.946999270796781
102	95_msa2+96_msa2+97_msa2+98_msa2+99_msa2+100_msa2+101_msa2+102_msa2+103_msa2+104_msa2+105_msa2+106_msa2+107_msa2+108_msa2+109_msa2	102	msa2	6.990753687677916
103	96_msa2+97_msa2+98_msa2+99_msa2+100_msa2+101_msa2+102_msa2+103_msa2+104_msa2+105_msa2+106_msa2+107_msa2+108_msa2+109_msa2+110_msa2	103	msa2	5.958935105243078
104	97_msa2+98_msa2+99_msa2+100_msa2+101_msa2+102_msa2+103_msa2+104_msa2+105_msa2+106_msa2+107_msa2+108_msa2+109_msa2+110_msa2+111_msa2	104	msa2	4.1473322832876125
105	98_msa2+99_msa2+100_msa2+101_msa2+102_msa2+103_msa2+104_msa2+105_msa2+106_msa2+107_msa2+108_msa2+109_msa2+110_msa2+111_msa2+112_msa2	105	msa2	2.9530881425505164
106	99_msa2+100_msa2+101_msa2+102_msa2+103_msa2+104_msa2+105_msa2+106_msa2+107_msa2+108_msa2+109_msa2+110_msa2+111_msa2+112_msa2+113_msa2	106	msa2	3.3690125922003884
107	100_msa2+101_msa2+102_msa2+103_msa2+104_msa2+105_msa2+106_msa2+107_msa2+108_msa2+109_msa2+110_msa2+111_msa2+112_msa2+113_msa2+114_msa2	107	msa2	3.799539012242323
108	101_msa2+102_msa2+103_msa2+104_msa2+105_msa2+106_msa2+107_msa2+108_msa2+109_msa2+110_msa2+111_msa2+112_msa2+113_msa2+114_msa2+115_msa2	108	msa2	3.783085841207242
109	102_msa2+103_msa2+104_msa2+105_msa2+106_msa2+107_msa2+108_msa2+109_msa2+110_msa2+111_msa2+112_msa2+113_msa2+114_msa2+115_msa2+116_msa2	109	msa2	3.789936531685189
110	103_msa2+104_msa2+105_msa2+106_msa2+107_msa2+108_msa2+109_msa2+110_msa2+111_msa2+112_msa2+113_msa2+114_msa2+115_msa2+116_msa2+117_msa2	110	msa2	4.551223096174855
111	104_msa2+105_msa2+106_msa2+107_msa2+108_msa2+109_msa2+110_msa2+111_msa2+112_msa2+113_msa2+114_msa2+115_msa2+116_msa2+117_msa2+118_msa2	111	msa2	5.451191540224796
112	105_msa2+106_msa2+107_msa2+108_msa2+109_msa2+110_msa2+111_msa2+112_msa2+113_msa2+114_msa2+115_msa2+116_msa2+117_msa2+118_msa2+119_msa2	112	msa2	5.451191540224796
113	106_msa2+107_msa2+108_msa2+109_msa2+110_msa2+111_msa2+112_msa2+113_msa2+114_msa2+115_msa2+116_msa2+117_msa2+118_msa2+119_msa2+120_msa2	113	msa2	5.451191540224796
114	107_msa2+108_msa2+109_msa2+110_msa2+111_msa2+112_msa2+113_msa2+114_msa2+115_msa2+116_msa2+117_msa2+118_msa2+119_msa2+120_msa2+121_msa2	114	msa2	5.451191540224796
115	108_msa2+109_msa2+110_msa2+111_msa2+112_msa2+113_msa2+114_msa2+115_msa2+116_msa2+117_msa2+118_msa2+119_msa2+120_msa2+121_msa2+122_msa2	115	msa2	5.306658515768935
116	109_msa2+110_msa2+111_msa2+112_msa2+113_msa2+114_msa2+115_msa2+116_msa2+117_msa2+118_msa2+119_msa2+120_msa2+121_msa2+122_msa2+123_msa2	116	msa2	5.306658515768935
117	110_msa2+111_msa2+112_msa2+113_msa2+114_msa2+115_msa2+116_msa2+117_msa2+118_msa2+119_msa2+120_msa2+121_msa2+122_msa2+123_msa2+124_msa2	117	msa2	4.329576880800585
118	111_msa2+112_msa2+113_msa2+114_msa2+115_msa2+116_msa2+117_msa2+118_msa2+119_msa2+120_msa2+121_msa2+122_msa2+123_msa2+124_msa2+125_msa2	118	msa2	3.8087243136087428
119	112_msa2+113_msa2+114_msa2+115_msa2+116_msa2+117_msa2+118_msa2+119_msa2+120_msa2+121_msa2+122_msa2+123_msa2+124_msa2+125_msa2+126_msa2	119	msa2	3.8087243136087428
120	113_msa2+114_msa2+115_msa2+116_msa2+117_msa2+118_msa2+119_msa2+120_msa2+121_msa2+122_msa2+123_msa2+124_msa2+125_msa2+126_msa2+127_msa2	120	msa2	3.6619526327980143
121	114_msa2+115_msa2+116_msa2+117_msa2+118_msa2+119_msa2+120_msa2+121_msa2+122_msa2+123_msa2+124_msa2+125_msa2+126_msa2+127_msa2+128_msa2	121	msa2	3.1705488145844405
122	115_msa2+116_msa2+117_msa2+118_msa2+119_msa2+120_msa2+121_msa2+122_msa2+123_msa2+124_msa2+125_msa2+126_msa2+127_msa2+128_msa2+129_msa2	122	msa2	2.64446005141513
123	116_msa2+117_msa2+118_msa2+119_msa2+120_msa2+121_msa2+122_msa2+123_msa2+124_msa2+125_msa2+126_msa2+127_msa2+128_msa2+129_msa2+130_msa2	123	msa2	2.577771039022762
124	117_msa2+118_msa2+119_msa2+120_msa2+121_msa2+122_msa2+123_msa2+124_msa2+125_msa2+126_msa2+127_msa2+128_msa2+129_msa2+130_msa2+131_msa2	124	msa2	2.604981555580836
125	118_msa2+119_msa2+120_msa2+121_msa2+122_msa2+123_msa2+124_msa2+125_msa2+126_msa2+127_msa2+128_msa2+129_msa2+130_msa2+131_msa2+132_msa2	125	msa2	1.6078507223575131
126	119_msa2+120_msa2+121_msa2+122_msa2+123_msa2+124_msa2+125_msa2+126_msa2+127_msa2+128_msa2+129_msa2+130_msa2+131_msa2+132_msa2+133_msa2	126	msa2	0.16072790540067433
127	120_msa2+121_msa2+122_msa2+123_msa2+124_msa2+125_msa2+126_msa2+127_msa2+128_msa2+129_msa2+130_msa2+131_msa2+132_msa2+133_msa2+134_msa2	127	msa2	0.16072790540067433
128	121_msa2+122_msa2+123_msa2+124_msa2+125_msa2+126_msa2+127_msa2+128_msa2+129_msa2+130_msa2+131_msa2+132_msa2+133_msa2+134_msa2+135_msa2	128	msa2	0.16072790540067433
129	122_msa2+123_msa2+124_msa2+125_msa2+126_msa2+127_msa2+128_msa2+129_msa2+130_msa2+131_msa2+132_msa2+133_msa2+134_msa2+135_msa2+136_msa2	129	msa2	0.25840109233588077
130	123_msa2+124_msa2+125_msa2+126_msa2+127_msa2+128_msa2+129_msa2+130_msa2+131_msa2+132_msa2+133_msa2+134_msa2+135_msa2+136_msa2+137_msa2	130	msa2	0.29337846422172403
131	124_msa2+125_msa2+126_msa2+127_msa2+128_msa2+129_msa2+130_msa2+131_msa2+132_msa2+133_msa2+134_msa2+135_msa2+136_msa2+137_msa2+138_msa2	131	msa2	0.7089001115373696
132	125_msa2+126_msa2+127_msa2+128_msa2+129_msa2+130_msa2+131_msa2+132_msa2+133_msa2+134_msa2+135_msa2+136_msa2+137_msa2+138_msa2+139_msa2	132	msa2	2.156217565066811
133	126_msa2+127_msa2+128_msa2+129_msa2+130_msa2+131_msa2+132_msa2+133_msa2+134_msa2+135_msa2+136_msa2+137_msa2+138_msa2+139_msa2+140_msa2	133	msa2	2.156217565066811
134	127_msa2+128_msa2+129_msa2+130_msa2+131_msa2+132_msa2+133_msa2+134_msa2+135_msa2+136_msa2+137_msa2+138_msa2+139_msa2+140_msa2+141_msa2	134	msa2	3.03794236521765
135	128_msa2+129_msa2+130_msa2+131_msa2+132_msa2+133_msa2+134_msa2+135_msa2+136_msa2+137_msa2+138_msa2+139_msa2+140_msa2+141_msa2+142_msa2	135	msa2	3.0512620717653878
136	129_msa2+130_msa2+131_msa2+132_msa2+133_msa2+134_msa2+135_msa2+136_msa2+137_msa2+138_msa2+139_msa2+140_msa2+141_msa2+142_msa2+143_msa2	136	msa2	3.0512620717653878
137	130_msa2+131_msa2+132_msa2+133_msa2+134_msa2+135_msa2+136_msa2+137_msa2+138_msa2+139_msa2+140_msa2+141_msa2+142_msa2+143_msa2+144_msa2	137	msa2	3.0761566742003206
138	131_msa2+132_msa2+133_msa2+134_msa2+135_msa2+136_msa2+137_msa2+138_msa2+139_msa2+140_msa2+141_msa2+142_msa2+143_msa2+144_msa2+145_msa2	138	msa2	4.776705698598011
139	132_msa2+133_msa2+134_msa2+135_msa2+136_msa2+137_msa2+138_msa2+139_msa2+140_msa2+141_msa2+142_msa2+143_msa2+144_msa2+145_msa2+146_msa2	139	msa2	4.748017737303482
140	133_msa2+134_msa2+135_msa2+136_msa2+137_msa2+138_msa2+139_msa2+140_msa2+141_msa2+142_msa2+143_msa2+144_msa2+145_msa2+146_msa2+147_msa2	140	msa2	4.733257589702006
141	134_msa2+135_msa2+136_msa2+137_msa2+138_msa2+139_msa2+140_msa2+141_msa2+142_msa2+143_msa2+144_msa2+145_msa2+146_msa2+147_msa2+148_msa2	141	msa2	5.140658950490579
142	135_msa2+136_msa2+137_msa2+138_msa2+139_msa2+140_msa2+141_msa2+142_msa2+143_msa2+144_msa2+145_msa2+146_msa2+147_msa2+148_msa2+149_msa2	142	msa2	5.163428433467498
143	136_msa2+137_msa2+138_msa2+139_msa2+140_msa2+141_msa2+142_msa2+143_msa2+144_msa2+145_msa2+146_msa2+147_msa2+148_msa2+149_msa2+150_msa2	143	msa2	5.327022686301916
144	137_msa2+138_msa2+139_msa2+140_msa2+141_msa2+142_msa2+143_msa2+144_msa2+145_msa2+146_msa2+147_msa2+148_msa2+149_msa2+150_msa2+151_msa2	144	msa2	5.327022686301916
145	138_msa2+139_msa2+140_msa2+141_msa2+142_msa2+143_msa2+144_msa2+145_msa2+146_msa2+147_msa2+148_msa2+149_msa2+150_msa2+151_msa2+152_msa2	145	msa2	5.313702979754179
146	139_msa2+140_msa2+141_msa2+142_msa2+143_msa2+144_msa2+145_msa2+146_msa2+147_msa2+148_msa2+149_msa2+150_msa2+151_msa2+152_msa2+153_msa2	146	msa2	5.2864503697740615
147	140_msa2+141_msa2+142_msa2+143_msa2+144_msa2+145_msa2+146_msa2+147_msa2+148_msa2+149_msa2+150_msa2+151_msa2+152_msa2+153_msa2+154_msa2	147	msa2	4.306944012824023
148	141_msa2+142_msa2+143_msa2+144_msa2+145_msa2+146_msa2+147_msa2+148_msa2+149_msa2+150_msa2+151_msa2+152_msa2+153_msa2+154_msa2+155_msa2	148	msa2	4.59439598856594
149	142_msa2+143_msa2+144_msa2+145_msa2+146_msa2+147_msa2+148_msa2+149_msa2+150_msa2+151_msa2+152_msa2+153_msa2+154_msa2+155_msa2+156_msa2	149	msa2	4.066810917184692
150	143_msa2+144_msa2+145_msa2+146_msa2+147_msa2+148_msa2+149_msa2+150_msa2+151_msa2+152_msa2+153_msa2+154_msa2+155_msa2+156_msa2+157_msa2	150	msa2	4.066810917184692
151	144_msa2+145_msa2+146_msa2+147_msa2+148_msa2+149_msa2+150_msa2+151_msa2+152_msa2+153_msa2+154_msa2+155_msa2+156_msa2+157_msa2+158_msa2	151	msa2	4.10608897231488
152	145_msa2+146_msa2+147_msa2+148_msa2+149_msa2+150_msa2+151_msa2+152_msa2+153_msa2+154_msa2+155_msa2+156_msa2+157_msa2+158_msa2+159_msa2	152	msa2	4.199275792411056
153	146_msa2+147_msa2+148_msa2+149_msa2+150_msa2+151_msa2+152_msa2+153_msa2+154_msa2+155_msa2+156_msa2+157_msa2+158_msa2+159_msa2+160_msa2	153	msa2	2.5152602393683914
154	147_msa2+148_msa2+149_msa2+150_msa2+151_msa2+152_msa2+153_msa2+154_msa2+155_msa2+156_msa2+157_msa2+158_msa2+159_msa2+160_msa2+161_msa2	154	msa2	2.5478775740726625
155	148_msa2+149_msa2+150_msa2+151_msa2+152_msa2+153_msa2+154_msa2+155_msa2+156_msa2+157_msa2+158_msa2+159_msa2+160_msa2+161_msa2+162_msa2	155	msa2	2.5478775740726625
156	149_msa2+150_msa2+151_msa2+152_msa2+153_msa2+154_msa2+155_msa2+156_msa2+157_msa2+158_msa2+159_msa2+160_msa2+161_msa2+162_msa2+163_msa2	156	msa2	2.5750575883387494
157	150_msa2+151_msa2+152_msa2+153_msa2+154_msa2+155_msa2+156_msa2+157_msa2+158_msa2+159_msa2+160_msa2+161_msa2+162_msa2+163_msa2+164_msa2	157	msa2	2.5423463050794424
158	151_msa2+152_msa2+153_msa2+154_msa2+155_msa2+156_msa2+157_msa2+158_msa2+159_msa2+160_msa2+161_msa2+162_msa2+163_msa2+164_msa2+165_msa2	158	msa2	2.0756554953762656
159	152_msa2+153_msa2+154_msa2+155_msa2+156_msa2+157_msa2+158_msa2+159_msa2+160_msa2+161_msa2+162_msa2+163_msa2+164_msa2+165_msa2+166_msa2	159	msa2	2.0207848540697952
160	153_msa2+154_msa2+155_msa2+156_msa2+157_msa2+158_msa2+159_msa2+160_msa2+161_msa2+162_msa2+163_msa2+164_msa2+165_msa2+166_msa2+167_msa2	160	msa2	2.0207848540697952
161	154_msa2+155_msa2+156_msa2+157_msa2+158_msa2+159_msa2+160_msa2+161_msa2+162_msa2+163_msa2+164_msa2+165_msa2+166_msa2+167_msa2+168_msa2	161	msa2	1.9816026109718832
162	155_msa2+156_msa2+157_msa2+158_msa2+159_msa2+160_msa2+161_msa2+162_msa2+163_msa2+164_msa2+165_msa2+166_msa2+167_msa2+168_msa2+169_msa2	162	msa2	1.857812186160602
163	156_msa2+157_msa2+158_msa2+159_msa2+160_msa2+161_msa2+162_msa2+163_msa2+164_msa2+165_msa2+166_msa2+167_msa2+168_msa2+169_msa2+170_msa2	163	msa2	1.341647610452335
164	157_msa2+158_msa2+159_msa2+160_msa2+161_msa2+162_msa2+163_msa2+164_msa2+165_msa2+166_msa2+167_msa2+168_msa2+169_msa2+170_msa2+171_msa2	164	msa2	1.4022931978104722
165	158_msa2+159_msa2+160_msa2+161_msa2+162_msa2+163_msa2+164_msa2+165_msa2+166_msa2+167_msa2+168_msa2+169_msa2+170_msa2+171_msa2+172_msa2	165	msa2	1.4022931978104722
166	159_msa2+160_msa2+161_msa2+162_msa2+163_msa2+164_msa2+165_msa2+166_msa2+167_msa2+168_msa2+169_msa2+170_msa2+171_msa2+172_msa2+173_msa2	166	msa2	1.4022931978104722
167	160_msa2+161_msa2+162_msa2+163_msa2+164_msa2+165_msa2+166_msa2+167_msa2+168_msa2+169_msa2+170_msa2+171_msa2+172_msa2+173_msa2+174_msa2	167	msa2	2.6057562327802763
168	161_msa2+162_msa2+163_msa2+164_msa2+165_msa2+166_msa2+167_msa2+168_msa2+169_msa2+170_msa2+171_msa2+172_msa2+173_msa2+174_msa2+175_msa2	168	msa2	2.6122521429569776
169	162_msa2+163_msa2+164_msa2+165_msa2+166_msa2+167_msa2+168_msa2+169_msa2+170_msa2+171_msa2+172_msa2+173_msa2+174_msa2+175_msa2+176_msa2	169	msa2	2.5811610549161084
170	163_msa2+164_msa2+165_msa2+166_msa2+167_msa2+168_msa2+169_msa2+170_msa2+171_msa2+172_msa2+173_msa2+174_msa2+175_msa2+176_msa2+177_msa2	170	msa2	2.764140582893429
171	164_msa2+165_msa2+166_msa2+167_msa2+168_msa2+169_msa2+170_msa2+171_msa2+172_msa2+173_msa2+174_msa2+175_msa2+176_msa2+177_msa2+178_msa2	171	msa2	1.940622491714756
172	165_msa2+166_msa2+167_msa2+168_msa2+169_msa2+170_msa2+171_msa2+172_msa2+173_msa2+174_msa2+175_msa2+176_msa2+177_msa2+178_msa2+179_msa2	172	msa2	1.940622491714756
173	166_msa2+167_msa2+168_msa2+169_msa2+170_msa2+171_msa2+172_msa2+173_msa2+174_msa2+175_msa2+176_msa2+177_msa2+178_msa2+179_msa2+180_msa2	173	msa2	1.9525970765776215
174	167_msa2+168_msa2+169_msa2+170_msa2+171_msa2+172_msa2+173_msa2+174_msa2+175_msa2+176_msa2+177_msa2+178_msa2+179_msa2+180_msa2+181_msa2	174	msa2	1.9525970765776215
175	168_msa2+169_msa2+170_msa2+171_msa2+172_msa2+173_msa2+174_msa2+175_msa2+176_msa2+177_msa2+178_msa2+179_msa2+180_msa2+181_msa2+182_msa2	175	msa2	1.9525970765776215
176	169_msa2+170_msa2+171_msa2+172_msa2+173_msa2+174_msa2+175_msa2+176_msa2+177_msa2+178_msa2+179_msa2+180_msa2+181_msa2+182_msa2+183_msa2	176	msa2	2.2167133473298883
177	170_msa2+171_msa2+172_msa2+173_msa2+174_msa2+175_msa2+176_msa2+177_msa2+178_msa2+179_msa2+180_msa2+181_msa2+182_msa2+183_msa2+184_msa2	177	msa2	2.2167133473298883
178	171_msa2+172_msa2+173_msa2+174_msa2+175_msa2+176_msa2+177_msa2+178_msa2+179_msa2+180_msa2+181_msa2+182_msa2+183_msa2+184_msa2+185_msa2	178	msa2	2.192443538045997
179	172_msa2+173_msa2+174_msa2+175_msa2+176_msa2+177_msa2+178_msa2+179_msa2+180_msa2+181_msa2+182_msa2+183_msa2+184_msa2+185_msa2+186_msa2	179	msa2	2.168494368320266
180	173_msa2+174_msa2+175_msa2+176_msa2+177_msa2+178_msa2+179_msa2+180_msa2+181_msa2+182_msa2+183_msa2+184_msa2+185_msa2+186_msa2+187_msa2	180	msa2	3.0035467511815845
181	174_msa2+175_msa2+176_msa2+177_msa2+178_msa2+179_msa2+180_msa2+181_msa2+182_msa2+183_msa2+184_msa2+185_msa2+186_msa2+187_msa2+188_msa2	181	msa2	2.9887605346073896
182	175_msa2+176_msa2+177_msa2+178_msa2+179_msa2+180_msa2+181_msa2+182_msa2+183_msa2+184_msa2+185_msa2+186_msa2+187_msa2+188_msa2+189_msa2	182	msa2	1.6994228643780054
183	176_msa2+177_msa2+178_msa2+179_msa2+180_msa2+181_msa2+182_msa2+183_msa2+184_msa2+185_msa2+186_msa2+187_msa2+188_msa2+189_msa2+190_msa2	183	msa2	1.6936394392141416
184	177_msa2+178_msa2+179_msa2+180_msa2+181_msa2+182_msa2+183_msa2+184_msa2+185_msa2+186_msa2+187_msa2+188_msa2+189_msa2+190_msa2+191_msa2	184	msa2	3.3564806829374447
185	178_msa2+179_msa2+180_msa2+181_msa2+182_msa2+183_msa2+184_msa2+185_msa2+186_msa2+187_msa2+188_msa2+189_msa2+190_msa2+191_msa2+192_msa2	185	msa2	3.298553979690809
186	179_msa2+180_msa2+181_msa2+182_msa2+183_msa2+184_msa2+185_msa2+186_msa2+187_msa2+188_msa2+189_msa2+190_msa2+191_msa2+192_msa2+193_msa2	186	msa2	3.377341474131875
187	180_msa2+181_msa2+182_msa2+183_msa2+184_msa2+185_msa2+186_msa2+187_msa2+188_msa2+189_msa2+190_msa2+191_msa2+192_msa2+193_msa2+194_msa2	187	msa2	4.162449581755027
188	181_msa2+182_msa2+183_msa2+184_msa2+185_msa2+186_msa2+187_msa2+188_msa2+189_msa2+190_msa2+191_msa2+192_msa2+193_msa2+194_msa2+195_msa2	188	msa2	4.1278838423302275
189	182_msa2+183_msa2+184_msa2+185_msa2+186_msa2+187_msa2+188_msa2+189_msa2+190_msa2+191_msa2+192_msa2+193_msa2+194_msa2+195_msa2+196_msa2	189	msa2	4.1278838423302275
190	183_msa2+184_msa2+185_msa2+186_msa2+187_msa2+188_msa2+189_msa2+190_msa2+191_msa2+192_msa2+193_msa2+194_msa2+195_msa2+196_msa2+197_msa2	190	msa2	4.8841827748764635
191	184_msa2+185_msa2+186_msa2+187_msa2+188_msa2+189_msa2+190_msa2+191_msa2+192_msa2+193_msa2+194_msa2+195_msa2+196_msa2+197_msa2+198_msa2	191	msa2	4.69316139718715
192	185_msa2+186_msa2+187_msa2+188_msa2+189_msa2+190_msa2+191_msa2+192_msa2+193_msa2+194_msa2+195_msa2+196_msa2+197_msa2+198_msa2+199_msa2	192	msa2	4.69316139718715
193	186_msa2+187_msa2+188_msa2+189_msa2+190_msa2+191_msa2+192_msa2+193_msa2+194_msa2+195_msa2+196_msa2+197_msa2+198_msa2+199_msa2+200_msa2	193	msa2	4.715705591142248
194	187_msa2+188_msa2+189_msa2+190_msa2+191_msa2+192_msa2+193_msa2+194_msa2+195_msa2+196_msa2+197_msa2+198_msa2+199_msa2+200_msa2+201_msa2	194	msa2	4.715705591142248
195	188_msa2+189_msa2+190_msa2+191_msa2+192_msa2+193_msa2+194_msa2+195_msa2+196_msa2+197_msa2+198_msa2+199_msa2+200_msa2+201_msa2+202_msa2	195	msa2	4.0092948344217865
196	189_msa2+190_msa2+191_msa2+192_msa2+193_msa2+194_msa2+195_msa2+196_msa2+197_msa2+198_msa2+199_msa2+200_msa2+201_msa2+202_msa2+203_msa2	196	msa2	4.0092948344217865
197	190_msa2+191_msa2+192_msa2+193_msa2+194_msa2+195_msa2+196_msa2+197_msa2+198_msa2+199_msa2+200_msa2+201_msa2+202_msa2+203_msa2+204_msa2	197	msa2	3.9971862056985157
198	191_msa2+192_msa2+193_msa2+194_msa2+195_msa2+196_msa2+197_msa2+198_msa2+199_msa2+200_msa2+201_msa2+202_msa2+203_msa2+204_msa2+205_msa2	198	msa2	3.9971862056985157
199	192_msa2+193_msa2+194_msa2+195_msa2+196_msa2+197_msa2+198_msa2+199_msa2+200_msa2+201_msa2+202_msa2+203_msa2+204_msa2+205_msa2+206_msa2	199	msa2	2.6037055314630617
200	193_msa2+194_msa2+195_msa2+196_msa2+197_msa2+198_msa2+199_msa2+200_msa2+201_msa2+202_msa2+203_msa2+204_msa2+205_msa2+206_msa2+207_msa2	200	msa2	2.4374987537419988
201	194_msa2+195_msa2+196_msa2+197_msa2+198_msa2+199_msa2+200_msa2+201_msa2+202_msa2+203_msa2+204_msa2+205_msa2+206_msa2+207_msa2+208_msa2	201	msa2	2.736843225189351
202	195_msa2+196_msa2+197_msa2+198_msa2+199_msa2+200_msa2+201_msa2+202_msa2+203_msa2+204_msa2+205_msa2+206_msa2+207_msa2+208_msa2+209_msa2	202	msa2	1.8149261782663662
203	196_msa2+197_msa2+198_msa2+199_msa2+200_msa2+201_msa2+202_msa2+203_msa2+204_msa2+205_msa2+206_msa2+207_msa2+208_msa2+209_msa2+210_msa2	203	msa2	1.6743163438545483
204	197_msa2+198_msa2+199_msa2+200_msa2+201_msa2+202_msa2+203_msa2+204_msa2+205_msa2+206_msa2+207_msa2+208_msa2+209_msa2+210_msa2+211_msa2	204	msa2	1.6743163438545483
205	198_msa2+199_msa2+200_msa2+201_msa2+202_msa2+203_msa2+204_msa2+205_msa2+206_msa2+207_msa2+208_msa2+209_msa2+210_msa2+211_msa2+212_msa2	205	msa2	1.4724536698424224
206	199_msa2+200_msa2+201_msa2+202_msa2+203_msa2+204_msa2+205_msa2+206_msa2+207_msa2+208_msa2+209_msa2+210_msa2+211_msa2+212_msa2+213_msa2	206	msa2	1.8361901244080727
207	200_msa2+201_msa2+202_msa2+203_msa2+204_msa2+205_msa2+206_msa2+207_msa2+208_msa2+209_msa2+210_msa2+211_msa2+212_msa2+213_msa2+214_msa2	207	msa2	1.8361901244080727
208	201_msa2+202_msa2+203_msa2+204_msa2+205_msa2+206_msa2+207_msa2+208_msa2+209_msa2+210_msa2+211_msa2+212_msa2+213_msa2+214_msa2+215_msa2	208	msa2	1.7542630158556203
209	202_msa2+203_msa2+204_msa2+205_msa2+206_msa2+207_msa2+208_msa2+209_msa2+210_msa2+211_msa2+212_msa2+213_msa2+214_msa2+215_msa2+216_msa2	209	msa2	1.7542630158556203
210	203_msa2+204_msa2+205_msa2+206_msa2+207_msa2+208_msa2+209_msa2+210_msa2+211_msa2+212_msa2+213_msa2+214_msa2+215_msa2+216_msa2+217_msa2	210	msa2	1.7542630158556203
211	204_msa2+205_msa2+206_msa2+207_msa2+208_msa2+209_msa2+210_msa2+211_msa2+212_msa2+213_msa2+214_msa2+215_msa2+216_msa2+217_msa2+218_msa2	211	msa2	1.7542630158556203
212	205_msa2+206_msa2+207_msa2+208_msa2+209_msa2+210_msa2+211_msa2+212_msa2+213_msa2+214_msa2+215_msa2+216_msa2+217_msa2+218_msa2+219_msa2	212	msa2	1.7542630158556203
213	206_msa2+207_msa2+208_msa2+209_msa2+210_msa2+211_msa2+212_msa2+213_msa2+214_msa2+215_msa2+216_msa2+217_msa2+218_msa2+219_msa2+220_msa2	213	msa2	1.7542630158556203
214	207_msa2+208_msa2+209_msa2+210_msa2+211_msa2+212_msa2+213_msa2+214_msa2+215_msa2+216_msa2+217_msa2+218_msa2+219_msa2+220_msa2+221_msa2	214	msa2	1.729504930893364
215	208_msa2+209_msa2+210_msa2+211_msa2+212_msa2+213_msa2+214_msa2+215_msa2+216_msa2+217_msa2+218_msa2+219_msa2+220_msa2+221_msa2+222_msa2	215	msa2	1.729504930893364
216	209_msa2+210_msa2+211_msa2+212_msa2+213_msa2+214_msa2+215_msa2+216_msa2+217_msa2+218_msa2+219_msa2+220_msa2+221_msa2+222_msa2+223_msa2	216	msa2	1.386090997306096
217	210_msa2+211_msa2+212_msa2+213_msa2+214_msa2+215_msa2+216_msa2+217_msa2+218_msa2+219_msa2+220_msa2+221_msa2+222_msa2+223_msa2+224_msa2	217	msa2	1.386090997306096
218	211_msa2+212_msa2+213_msa2+214_msa2+215_msa2+216_msa2+217_msa2+218_msa2+219_msa2+220_msa2+221_msa2+222_msa2+223_msa2+224_msa2+225_msa2	218	msa2	2.916385842455476
219	212_msa2+213_msa2+214_msa2+215_msa2+216_msa2+217_msa2+218_msa2+219_msa2+220_msa2+221_msa2+222_msa2+223_msa2+224_msa2+225_msa2+226_msa2	219	msa2	2.916385842455476
220	213_msa2+214_msa2+215_msa2+216_msa2+217_msa2+218_msa2+219_msa2+220_msa2+221_msa2+222_msa2+223_msa2+224_msa2+225_msa2+226_msa2+227_msa2	220	msa2	2.5952716186632485
221	214_msa2+215_msa2+216_msa2+217_msa2+218_msa2+219_msa2+220_msa2+221_msa2+222_msa2+223_msa2+224_msa2+225_msa2+226_msa2+227_msa2+228_msa2	221	msa2	2.210283671106735
222	215_msa2+216_msa2+217_msa2+218_msa2+219_msa2+220_msa2+221_msa2+222_msa2+223_msa2+224_msa2+225_msa2+226_msa2+227_msa2+228_msa2+229_msa2	222	msa2	2.210283671106735
223	216_msa2+217_msa2+218_msa2+219_msa2+220_msa2+221_msa2+222_msa2+223_msa2+224_msa2+225_msa2+226_msa2+227_msa2+228_msa2+229_msa2+230_msa2	223	msa2	2.239988538380311
224	217_msa2+218_msa2+219_msa2+220_msa2+221_msa2+222_msa2+223_msa2+224_msa2+225_msa2+226_msa2+227_msa2+228_msa2+229_msa2+230_msa2+231_msa2	224	msa2	2.24174179030699
225	218_msa2+219_msa2+220_msa2+221_msa2+222_msa2+223_msa2+224_msa2+225_msa2+226_msa2+227_msa2+228_msa2+229_msa2+230_msa2+231_msa2+232_msa2	225	msa2	2.2703984793245295
226	219_msa2+220_msa2+221_msa2+222_msa2+223_msa2+224_msa2+225_msa2+226_msa2+227_msa2+228_msa2+229_msa2+230_msa2+231_msa2+232_msa2+233_msa2	226	msa2	2.2703984793245295
227	220_msa2+221_msa2+222_msa2+223_msa2+224_msa2+225_msa2+226_msa2+227_msa2+228_msa2+229_msa2+230_msa2+231_msa2+232_msa2+233_msa2+234_msa2	227	msa2	2.2703984793245295
228	221_msa2+222_msa2+223_msa2+224_msa2+225_msa2+226_msa2+227_msa2+228_msa2+229_msa2+230_msa2+231_msa2+232_msa2+233_msa2+234_msa2+235_msa2	228	msa2	2.2703984793245295
229	222_msa2+223_msa2+224_msa2+225_msa2+226_msa2+227_msa2+228_msa2+229_msa2+230_msa2+231_msa2+232_msa2+233_msa2+234_msa2+235_msa2+236_msa2	229	msa2	2.24891661272969
230	223_msa2+224_msa2+225_msa2+226_msa2+227_msa2+228_msa2+229_msa2+230_msa2+231_msa2+232_msa2+233_msa2+234_msa2+235_msa2+236_msa2+237_msa2	230	msa2	2.24891661272969
231	224_msa2+225_msa2+226_msa2+227_msa2+228_msa2+229_msa2+230_msa2+231_msa2+232_msa2+233_msa2+234_msa2+235_msa2+236_msa2+237_msa2+238_msa2	231	msa2	2.305080755417508
232	225_msa2+226_msa2+227_msa2+228_msa2+229_msa2+230_msa2+231_msa2+232_msa2+233_msa2+234_msa2+235_msa2+236_msa2+237_msa2+238_msa2+239_msa2	232	msa2	2.7556727893486785
233	226_msa2+227_msa2+228_msa2+229_msa2+230_msa2+231_msa2+232_msa2+233_msa2+234_msa2+235_msa2+236_msa2+237_msa2+238_msa2+239_msa2+240_msa2	233	msa2	1.2472546239669593
234	227_msa2+228_msa2+229_msa2+230_msa2+231_msa2+232_msa2+233_msa2+234_msa2+235_msa2+236_msa2+237_msa2+238_msa2+239_msa2+240_msa2+241_msa2	234	msa2	1.3447184032860047
235	228_msa2+229_msa2+230_msa2+231_msa2+232_msa2+233_msa2+234_msa2+235_msa2+236_msa2+237_msa2+238_msa2+239_msa2+240_msa2+241_msa2+242_msa2	235	msa2	1.377943581407782
236	229_msa2+230_msa2+231_msa2+232_msa2+233_msa2+234_msa2+235_msa2+236_msa2+237_msa2+238_msa2+239_msa2+240_msa2+241_msa2+242_msa2+243_msa2	236	msa2	2.035752666101462
237	230_msa2+231_msa2+232_msa2+233_msa2+234_msa2+235_msa2+236_msa2+237_msa2+238_msa2+239_msa2+240_msa2+241_msa2+242_msa2+243_msa2+244_msa2	237	msa2	2.2292489438770793
238	231_msa2+232_msa2+233_msa2+234_msa2+235_msa2+236_msa2+237_msa2+238_msa2+239_msa2+240_msa2+241_msa2+242_msa2+243_msa2+244_msa2+245_msa2	238	msa2	2.3169530168049035
239	232_msa2+233_msa2+234_msa2+235_msa2+236_msa2+237_msa2+238_msa2+239_msa2+240_msa2+241_msa2+242_msa2+243_msa2+244_msa2+245_msa2+246_msa2	239	msa2	2.6444854376973446
240	233_msa2+234_msa2+235_msa2+236_msa2+237_msa2+238_msa2+239_msa2+240_msa2+241_msa2+242_msa2+243_msa2+244_msa2+245_msa2+246_msa2+247_msa2	240	msa2	2.6125050169389676
241	234_msa2+235_msa2+236_msa2+237_msa2+238_msa2+239_msa2+240_msa2+241_msa2+242_msa2+243_msa2+244_msa2+245_msa2+246_msa2+247_msa2+248_msa2	241	msa2	2.6348566948986
242	235_msa2+236_msa2+237_msa2+238_msa2+239_msa2+240_msa2+241_msa2+242_msa2+243_msa2+244_msa2+245_msa2+246_msa2+247_msa2+248_msa2+249_msa2	242	msa2	2.6348566948986
243	236_msa2+237_msa2+238_msa2+239_msa2+240_msa2+241_msa2+242_msa2+243_msa2+244_msa2+245_msa2+246_msa2+247_msa2+248_msa2+249_msa2+250_msa2	243	msa2	2.6348566948986
244	237_msa2+238_msa2+239_msa2+240_msa2+241_msa2+242_msa2+243_msa2+244_msa2+245_msa2+246_msa2+247_msa2+248_msa2+249_msa2+250_msa2+251_msa2	244	msa2	2.6569864920498785
245	238_msa2+239_msa2+240_msa2+241_msa2+242_msa2+243_msa2+244_msa2+245_msa2+246_msa2+247_msa2+248_msa2+249_msa2+250_msa2+251_msa2+252_msa2	245	msa2	2.6569864920498785
246	239_msa2+240_msa2+241_msa2+242_msa2+243_msa2+244_msa2+245_msa2+246_msa2+247_msa2+248_msa2+249_msa2+250_msa2+251_msa2+252_msa2+253_msa2	246	msa2	2.820139127301527
247	240_msa2+241_msa2+242_msa2+243_msa2+244_msa2+245_msa2+246_msa2+247_msa2+248_msa2+249_msa2+250_msa2+251_msa2+252_msa2+253_msa2+254_msa2	247	msa2	2.4007818388805897
248	241_msa2+242_msa2+243_msa2+244_msa2+245_msa2+246_msa2+247_msa2+248_msa2+249_msa2+250_msa2+251_msa2+252_msa2+253_msa2+254_msa2+255_msa2	248	msa2	2.4007818388805897
249	242_msa2+243_msa2+244_msa2+245_msa2+246_msa2+247_msa2+248_msa2+249_msa2+250_msa2+251_msa2+252_msa2+253_msa2+254_msa2+255_msa2+256_msa2	249	msa2	2.296429694142167
250	243_msa2+244_msa2+245_msa2+246_msa2+247_msa2+248_msa2+249_msa2+250_msa2+251_msa2+252_msa2+253_msa2+254_msa2+255_msa2+256_msa2+257_msa2	250	msa2	1.7441861814779978
251	244_msa2+245_msa2+246_msa2+247_msa2+248_msa2+249_msa2+250_msa2+251_msa2+252_msa2+253_msa2+254_msa2+255_msa2+256_msa2+257_msa2+258_msa2	251	msa2	2.8962386307767294
252	245_msa2+246_msa2+247_msa2+248_msa2+249_msa2+250_msa2+251_msa2+252_msa2+253_msa2+254_msa2+255_msa2+256_msa2+257_msa2+258_msa2+259_msa2	252	msa2	2.805758906852409
253	246_msa2+247_msa2+248_msa2+249_msa2+250_msa2+251_msa2+252_msa2+253_msa2+254_msa2+255_msa2+256_msa2+257_msa2+258_msa2+259_msa2+260_msa2	253	msa2	2.7523825011740737
254	247_msa2+248_msa2+249_msa2+250_msa2+251_msa2+252_msa2+253_msa2+254_msa2+255_msa2+256_msa2+257_msa2+258_msa2+259_msa2+260_msa2+261_msa2	254	msa2	2.4767674904210337
255	248_msa2+249_msa2+250_msa2+251_msa2+252_msa2+253_msa2+254_msa2+255_msa2+256_msa2+257_msa2+258_msa2+259_msa2+260_msa2+261_msa2+262_msa2	255	msa2	2.524282021786784
256	249_msa2+250_msa2+251_msa2+252_msa2+253_msa2+254_msa2+255_msa2+256_msa2+257_msa2+258_msa2+259_msa2+260_msa2+261_msa2+262_msa2+263_msa2	256	msa2	2.492785900179603
257	250_msa2+251_msa2+252_msa2+253_msa2+254_msa2+255_msa2+256_msa2+257_msa2+258_msa2+259_msa2+260_msa2+261_msa2+262_msa2+263_msa2+264_msa2	257	msa2	2.492785900179603
258	251_msa2+252_msa2+253_msa2+254_msa2+255_msa2+256_msa2+257_msa2+258_msa2+259_msa2+260_msa2+261_msa2+262_msa2+263_msa2+264_msa2+265_msa2	258	msa2	2.5047604850424685
259	252_msa2+253_msa2+254_msa2+255_msa2+256_msa2+257_msa2+258_msa2+259_msa2+260_msa2+261_msa2+262_msa2+263_msa2+264_msa2+265_msa2+266_msa2	259	msa2	2.5037432970370235
260	253_msa2+254_msa2+255_msa2+256_msa2+257_msa2+258_msa2+259_msa2+260_msa2+261_msa2+262_msa2+263_msa2+264_msa2+265_msa2+266_msa2+267_msa2	260	msa2	2.6003844941955294
261	254_msa2+255_msa2+256_msa2+257_msa2+258_msa2+259_msa2+260_msa2+261_msa2+262_msa2+263_msa2+264_msa2+265_msa2+266_msa2+267_msa2+268_msa2	261	msa2	2.359318688319061
262	255_msa2+256_msa2+257_msa2+258_msa2+259_msa2+260_msa2+261_msa2+262_msa2+263_msa2+264_msa2+265_msa2+266_msa2+267_msa2+268_msa2+269_msa2	262	msa2	2.359318688319061
263	256_msa2+257_msa2+258_msa2+259_msa2+260_msa2+261_msa2+262_msa2+263_msa2+264_msa2+265_msa2+266_msa2+267_msa2+268_msa2+269_msa2+270_msa2	263	msa2	3.410412987559511
264	257_msa2+258_msa2+259_msa2+260_msa2+261_msa2+262_msa2+263_msa2+264_msa2+265_msa2+266_msa2+267_msa2+268_msa2+269_msa2+270_msa2+271_msa2	264	msa2	3.4813122323271544
265	258_msa2+259_msa2+260_msa2+261_msa2+262_msa2+263_msa2+264_msa2+265_msa2+266_msa2+267_msa2+268_msa2+269_msa2+270_msa2+271_msa2+272_msa2	265	msa2	4.107194856619392
266	259_msa2+260_msa2+261_msa2+262_msa2+263_msa2+264_msa2+265_msa2+266_msa2+267_msa2+268_msa2+269_msa2+270_msa2+271_msa2+272_msa2+273_msa2	266	msa2	2.3296913622700623
267	260_msa2+261_msa2+262_msa2+263_msa2+264_msa2+265_msa2+266_msa2+267_msa2+268_msa2+269_msa2+270_msa2+271_msa2+272_msa2+273_msa2+274_msa2	267	msa2	2.3296913622700623
268	261_msa2+262_msa2+263_msa2+264_msa2+265_msa2+266_msa2+267_msa2+268_msa2+269_msa2+270_msa2+271_msa2+272_msa2+273_msa2+274_msa2+275_msa2	268	msa2	2.3296913622700623
269	262_msa2+263_msa2+264_msa2+265_msa2+266_msa2+267_msa2+268_msa2+269_msa2+270_msa2+271_msa2+272_msa2+273_msa2+274_msa2+275_msa2+276_msa2	269	msa2	2.2979290041579468
270	263_msa2+264_msa2+265_msa2+266_msa2+267_msa2+268_msa2+269_msa2+270_msa2+271_msa2+272_msa2+273_msa2+274_msa2+275_msa2+276_msa2+277_msa2	270	msa2	2.480250697745363
271	264_msa2+265_msa2+266_msa2+267_msa2+268_msa2+269_msa2+270_msa2+271_msa2+272_msa2+273_msa2+274_msa2+275_msa2+276_msa2+277_msa2+278_msa2	271	msa2	2.480250697745363
272	265_msa2+266_msa2+267_msa2+268_msa2+269_msa2+270_msa2+271_msa2+272_msa2+273_msa2+274_msa2+275_msa2+276_msa2+277_msa2+278_msa2+279_msa2	272	msa2	2.511938337160252
273	266_msa2+267_msa2+268_msa2+269_msa2+270_msa2+271_msa2+272_msa2+273_msa2+274_msa2+275_msa2+276_msa2+277_msa2+278_msa2+279_msa2+280_msa2	273	msa2	2.480250697745363
274	267_msa2+268_msa2+269_msa2+270_msa2+271_msa2+272_msa2+273_msa2+274_msa2+275_msa2+276_msa2+277_msa2+278_msa2+279_msa2+280_msa2+281_msa2	274	msa2	2.4700850612060146
275	268_msa2+269_msa2+270_msa2+271_msa2+272_msa2+273_msa2+274_msa2+275_msa2+276_msa2+277_msa2+278_msa2+279_msa2+280_msa2+281_msa2+282_msa2	275	msa2	2.364596732701625
276	269_msa2+270_msa2+271_msa2+272_msa2+273_msa2+274_msa2+275_msa2+276_msa2+277_msa2+278_msa2+279_msa2+280_msa2+281_msa2+282_msa2+283_msa2	276	msa2	2.33677121863273
277	270_msa2+271_msa2+272_msa2+273_msa2+274_msa2+275_msa2+276_msa2+277_msa2+278_msa2+279_msa2+280_msa2+281_msa2+282_msa2+283_msa2+284_msa2	277	msa2	2.364596732701625
278	271_msa2+272_msa2+273_msa2+274_msa2+275_msa2+276_msa2+277_msa2+278_msa2+279_msa2+280_msa2+281_msa2+282_msa2+283_msa2+284_msa2+285_msa2	278	msa2	1.3780270852755787
279	272_msa2+273_msa2+274_msa2+275_msa2+276_msa2+277_msa2+278_msa2+279_msa2+280_msa2+281_msa2+282_msa2+283_msa2+284_msa2+285_msa2+286_msa2	279	msa2	1.3437139476266975
280	273_msa2+274_msa2+275_msa2+276_msa2+277_msa2+278_msa2+279_msa2+280_msa2+281_msa2+282_msa2+283_msa2+284_msa2+285_msa2+286_msa2+287_msa2	280	msa2	0.49202116542911484
281	274_msa2+275_msa2+276_msa2+277_msa2+278_msa2+279_msa2+280_msa2+281_msa2+282_msa2+283_msa2+284_msa2+285_msa2+286_msa2+287_msa2+288_msa2	281	msa2	0.4223334062268348
282	275_msa2+276_msa2+277_msa2+278_msa2+279_msa2+280_msa2+281_msa2+282_msa2+283_msa2+284_msa2+285_msa2+286_msa2+287_msa2+288_msa2+289_msa2	282	msa2	0.4223334062268348
283	276_msa2+277_msa2+278_msa2+279_msa2+280_msa2+281_msa2+282_msa2+283_msa2+284_msa2+285_msa2+286_msa2+287_msa2+288_msa2+289_msa2+290_msa2	283	msa2	0.4223334062268348
284	277_msa2+278_msa2+279_msa2+280_msa2+281_msa2+282_msa2+283_msa2+284_msa2+285_msa2+286_msa2+287_msa2+288_msa2+289_msa2+290_msa2+291_msa2	284	msa2	1.321518281711003
285	278_msa2+279_msa2+280_msa2+281_msa2+282_msa2+283_msa2+284_msa2+285_msa2+286_msa2+287_msa2+288_msa2+289_msa2+290_msa2+291_msa2+292_msa2	285	msa2	1.0759042635506884
286	279_msa2+280_msa2+281_msa2+282_msa2+283_msa2+284_msa2+285_msa2+286_msa2+287_msa2+288_msa2+289_msa2+290_msa2+291_msa2+292_msa2+293_msa2	286	msa2	1.0759042635506884
287	280_msa2+281_msa2+282_msa2+283_msa2+284_msa2+285_msa2+286_msa2+287_msa2+288_msa2+289_msa2+290_msa2+291_msa2+292_msa2+293_msa2+294_msa2	287	msa2	1.018209063791526
288	281_msa2+282_msa2+283_msa2+284_msa2+285_msa2+286_msa2+287_msa2+288_msa2+289_msa2+290_msa2+291_msa2+292_msa2+293_msa2+294_msa2+295_msa2	288	msa2	1.2074018865809957
289	282_msa2+283_msa2+284_msa2+285_msa2+286_msa2+287_msa2+288_msa2+289_msa2+290_msa2+291_msa2+292_msa2+293_msa2+294_msa2+295_msa2+296_msa2	289	msa2	1.317396433554496
290	283_msa2+284_msa2+285_msa2+286_msa2+287_msa2+288_msa2+289_msa2+290_msa2+291_msa2+292_msa2+293_msa2+294_msa2+295_msa2+296_msa2+297_msa2	290	msa2	1.4291940003543628
291	284_msa2+285_msa2+286_msa2+287_msa2+288_msa2+289_msa2+290_msa2+291_msa2+292_msa2+293_msa2+294_msa2+295_msa2+296_msa2+297_msa2+298_msa2	291	msa2	1.4619951888805822
292	285_msa2+286_msa2+287_msa2+288_msa2+289_msa2+290_msa2+291_msa2+292_msa2+293_msa2+294_msa2+295_msa2+296_msa2+297_msa2+298_msa2+299_msa2	292	msa2	1.4291940003543628
293	286_msa2+287_msa2+288_msa2+289_msa2+290_msa2+291_msa2+292_msa2+293_msa2+294_msa2+295_msa2+296_msa2+297_msa2+298_msa2+299_msa2+300_msa2	293	msa2	1.4291940003543628
294	287_msa2+288_msa2+289_msa2+290_msa2+291_msa2+292_msa2+293_msa2+294_msa2+295_msa2+296_msa2+297_msa2+298_msa2+299_msa2+300_msa2+301_msa2	294	msa2	1.4291940003543628
295	288_msa2+289_msa2+290_msa2+291_msa2+292_msa2+293_msa2+294_msa2+295_msa2+296_msa2+297_msa2+298_msa2+299_msa2+300_msa2+301_msa2+302_msa2	295	msa2	1.4291940003543628
296	289_msa2+290_msa2+291_msa2+292_msa2+293_msa2+294_msa2+295_msa2+296_msa2+297_msa2+298_msa2+299_msa2+300_msa2+301_msa2+302_msa2+303_msa2	296	msa2	1.4291940003543628
297	290_msa2+291_msa2+292_msa2+293_msa2+294_msa2+295_msa2+296_msa2+297_msa2+298_msa2+299_msa2+300_msa2+301_msa2+302_msa2+303_msa2+304_msa2	297	msa2	1.4291940003543628
298	291_msa2+292_msa2+293_msa2+294_msa2+295_msa2+296_msa2+297_msa2+298_msa2+299_msa2+300_msa2+301_msa2+302_msa2+303_msa2+304_msa2+305_msa2	298	msa2	1.4291940003543628
299	292_msa2+293_msa2+294_msa2+295_msa2+296_msa2+297_msa2+298_msa2+299_msa2+300_msa2+301_msa2+302_msa2+303_msa2+304_msa2+305_msa2+306_msa2	299	msa2	0.53880150816857
300	293_msa2+294_msa2+295_msa2+296_msa2+297_msa2+298_msa2+299_msa2+300_msa2+301_msa2+302_msa2+303_msa2+304_msa2+305_msa2+306_msa2+307_msa2	300	msa2	0.6010865117118721
301	294_msa2+295_msa2+296_msa2+297_msa2+298_msa2+299_msa2+300_msa2+301_msa2+302_msa2+303_msa2+304_msa2+305_msa2+306_msa2+307_msa2+308_msa2	301	msa2	0.6010865117118721
302	295_msa2+296_msa2+297_msa2+298_msa2+299_msa2+300_msa2+301_msa2+302_msa2+303_msa2+304_msa2+305_msa2+306_msa2+307_msa2+308_msa2+309_msa2	302	msa2	0.6010865117118721
303	296_msa2+297_msa2+298_msa2+299_msa2+300_msa2+301_msa2+302_msa2+303_msa2+304_msa2+305_msa2+306_msa2+307_msa2+308_msa2+309_msa2+310_msa2	303	msa2	0.39339804725290095
304	297_msa2+298_msa2+299_msa2+300_msa2+301_msa2+302_msa2+303_msa2+304_msa2+305_msa2+306_msa2+307_msa2+308_msa2+309_msa2+310_msa2+311_msa2	304	msa2	0.7568536469039596
305	298_msa2+299_msa2+300_msa2+301_msa2+302_msa2+303_msa2+304_msa2+305_msa2+306_msa2+307_msa2+308_msa2+309_msa2+310_msa2+311_msa2+312_msa2	305	msa2	0.6365765406512421
306	299_msa2+300_msa2+301_msa2+302_msa2+303_msa2+304_msa2+305_msa2+306_msa2+307_msa2+308_msa2+309_msa2+310_msa2+311_msa2+312_msa2+313_msa2	306	msa2	1.237582429012004
307	300_msa2+301_msa2+302_msa2+303_msa2+304_msa2+305_msa2+306_msa2+307_msa2+308_msa2+309_msa2+310_msa2+311_msa2+312_msa2+313_msa2+314_msa2	307	msa2	1.237582429012004
308	301_msa2+302_msa2+303_msa2+304_msa2+305_msa2+306_msa2+307_msa2+308_msa2+309_msa2+310_msa2+311_msa2+312_msa2+313_msa2+314_msa2+315_msa2	308	msa2	1.237582429012004
309	302_msa2+303_msa2+304_msa2+305_msa2+306_msa2+307_msa2+308_msa2+309_msa2+310_msa2+311_msa2+312_msa2+313_msa2+314_msa2+315_msa2+316_msa2	309	msa2	1.5880862789942378
310	303_msa2+304_msa2+305_msa2+306_msa2+307_msa2+308_msa2+309_msa2+310_msa2+311_msa2+312_msa2+313_msa2+314_msa2+315_msa2+316_msa2+317_msa2	310	msa2	1.5880862789942378
311	304_msa2+305_msa2+306_msa2+307_msa2+308_msa2+309_msa2+310_msa2+311_msa2+312_msa2+313_msa2+314_msa2+315_msa2+316_msa2+317_msa2+318_msa2	311	msa2	1.5880862789942378
312	305_msa2+306_msa2+307_msa2+308_msa2+309_msa2+310_msa2+311_msa2+312_msa2+313_msa2+314_msa2+315_msa2+316_msa2+317_msa2+318_msa2+319_msa2	312	msa2	1.5880862789942378
313	306_msa2+307_msa2+308_msa2+309_msa2+310_msa2+311_msa2+312_msa2+313_msa2+314_msa2+315_msa2+316_msa2+317_msa2+318_msa2+319_msa2+320_msa2	313	msa2	1.5880862789942378
314	307_msa2+308_msa2+309_msa2+310_msa2+311_msa2+312_msa2+313_msa2+314_msa2+315_msa2+316_msa2+317_msa2+318_msa2+319_msa2+320_msa2+321_msa2	314	msa2	1.5880862789942378
315	308_msa2+309_msa2+310_msa2+311_msa2+312_msa2+313_msa2+314_msa2+315_msa2+316_msa2+317_msa2+318_msa2+319_msa2+320_msa2+321_msa2+322_msa2	315	msa2	2.288443075370655
316	309_msa2+310_msa2+311_msa2+312_msa2+313_msa2+314_msa2+315_msa2+316_msa2+317_msa2+318_msa2+319_msa2+320_msa2+321_msa2+322_msa2+323_msa2	316	msa2	2.288443075370655
317	310_msa2+311_msa2+312_msa2+313_msa2+314_msa2+315_msa2+316_msa2+317_msa2+318_msa2+319_msa2+320_msa2+321_msa2+322_msa2+323_msa2+324_msa2	317	msa2	2.288443075370655
318	311_msa2+312_msa2+313_msa2+314_msa2+315_msa2+316_msa2+317_msa2+318_msa2+319_msa2+320_msa2+321_msa2+322_msa2+323_msa2+324_msa2+325_msa2	318	msa2	2.8984096043235534
319	312_msa2+313_msa2+314_msa2+315_msa2+316_msa2+317_msa2+318_msa2+319_msa2+320_msa2+321_msa2+322_msa2+323_msa2+324_msa2+325_msa2+326_msa2	319	msa2	3.1884757525705028
320	313_msa2+314_msa2+315_msa2+316_msa2+317_msa2+318_msa2+319_msa2+320_msa2+321_msa2+322_msa2+323_msa2+324_msa2+325_msa2+326_msa2+327_msa2	320	msa2	3.3504318040001957
321	314_msa2+315_msa2+316_msa2+317_msa2+318_msa2+319_msa2+320_msa2+321_msa2+322_msa2+323_msa2+324_msa2+325_msa2+326_msa2+327_msa2+328_msa2	321	msa2	2.958728036027432
